"","pathway","pval","padj","overlap","size","overlapGenes","sample_id"
"1","HALLMARK_ADIPOGENESIS",1,1,0,201,"","MM909_02"
"2","HALLMARK_ALLOGRAFT_REJECTION",1,1,0,294,"","MM909_02"
"3","HALLMARK_ANDROGEN_RESPONSE",1,1,0,100,"","MM909_02"
"4","HALLMARK_ANGIOGENESIS",1,1,0,36,"","MM909_02"
"5","HALLMARK_APICAL_JUNCTION",1,1,0,220,"","MM909_02"
"6","HALLMARK_APICAL_SURFACE",1,1,0,44,"","MM909_02"
"7","HALLMARK_APOPTOSIS",1,1,0,180,"","MM909_02"
"8","HALLMARK_BILE_ACID_METABOLISM",1,1,0,112,"","MM909_02"
"9","HALLMARK_CHOLESTEROL_HOMEOSTASIS",1,1,0,74,"","MM909_02"
"10","HALLMARK_COAGULATION",1,1,0,151,"","MM909_02"
"11","HALLMARK_COMPLEMENT",1,1,0,230,"","MM909_02"
"12","HALLMARK_DNA_REPAIR",1,1,0,161,"","MM909_02"
"13","HALLMARK_E2F_TARGETS",1,1,0,213,"","MM909_02"
"14","HALLMARK_EPITHELIAL_MESENCHYMAL_TRANSITION",1,1,0,199,"","MM909_02"
"15","HALLMARK_ESTROGEN_RESPONSE_EARLY",1,1,0,207,"","MM909_02"
"16","HALLMARK_ESTROGEN_RESPONSE_LATE",1,1,0,207,"","MM909_02"
"17","HALLMARK_FATTY_ACID_METABOLISM",1,1,0,159,"","MM909_02"
"18","HALLMARK_G2M_CHECKPOINT",1,1,0,199,"","MM909_02"
"19","HALLMARK_GLYCOLYSIS",1,1,0,206,"","MM909_02"
"20","HALLMARK_HEDGEHOG_SIGNALING",1,1,0,36,"","MM909_02"
"21","HALLMARK_HEME_METABOLISM",1,1,0,207,"","MM909_02"
"22","HALLMARK_HYPOXIA",1,1,0,206,"","MM909_02"
"23","HALLMARK_IL2_STAT5_SIGNALING",1,1,0,211,"","MM909_02"
"24","HALLMARK_IL6_JAK_STAT3_SIGNALING",1,1,0,102,"","MM909_02"
"25","HALLMARK_INFLAMMATORY_RESPONSE",1,1,0,217,"","MM909_02"
"26","HALLMARK_INTERFERON_ALPHA_RESPONSE",1,1,0,131,"","MM909_02"
"27","HALLMARK_INTERFERON_GAMMA_RESPONSE",1,1,0,273,"","MM909_02"
"28","HALLMARK_KRAS_SIGNALING_DN",1,1,0,208,"","MM909_02"
"29","HALLMARK_KRAS_SIGNALING_UP",1,1,0,212,"","MM909_02"
"30","HALLMARK_MITOTIC_SPINDLE",1,1,0,197,"","MM909_02"
"31","HALLMARK_MTORC1_SIGNALING",1,1,0,199,"","MM909_02"
"32","HALLMARK_MYC_TARGETS_V1",1,1,0,211,"","MM909_02"
"33","HALLMARK_MYC_TARGETS_V2",1,1,0,58,"","MM909_02"
"34","HALLMARK_MYOGENESIS",1,1,0,200,"","MM909_02"
"35","HALLMARK_NOTCH_SIGNALING",1,1,0,32,"","MM909_02"
"36","HALLMARK_OXIDATIVE_PHOSPHORYLATION",1,1,0,202,"","MM909_02"
"37","HALLMARK_P53_PATHWAY",1,1,0,212,"","MM909_02"
"38","HALLMARK_PANCREAS_BETA_CELLS",1,1,0,41,"","MM909_02"
"39","HALLMARK_PEROXISOME",1,1,0,104,"","MM909_02"
"40","HALLMARK_PI3K_AKT_MTOR_SIGNALING",1,1,0,110,"","MM909_02"
"41","HALLMARK_PROTEIN_SECRETION",1,1,0,98,"","MM909_02"
"42","HALLMARK_REACTIVE_OXYGEN_SPECIES_PATHWAY",1,1,0,51,"","MM909_02"
"43","HALLMARK_SPERMATOGENESIS",1,1,0,139,"","MM909_02"
"44","HALLMARK_TGF_BETA_SIGNALING",1,1,0,55,"","MM909_02"
"45","HALLMARK_TNFA_SIGNALING_VIA_NFKB",1,1,0,218,"","MM909_02"
"46","HALLMARK_UNFOLDED_PROTEIN_RESPONSE",1,1,0,113,"","MM909_02"
"47","HALLMARK_UV_RESPONSE_DN",1,1,0,144,"","MM909_02"
"48","HALLMARK_UV_RESPONSE_UP",1,1,0,183,"","MM909_02"
"49","HALLMARK_WNT_BETA_CATENIN_SIGNALING",1,1,0,48,"","MM909_02"
"50","HALLMARK_XENOBIOTIC_METABOLISM",1,1,0,215,"","MM909_02"
"51","HALLMARK_HYPOXIA",0.00342138617612531,0.171069308806265,2,206,"ENSG00000095015, ENSG00000049759","MM909_03"
"52","HALLMARK_TGF_BETA_SIGNALING",0.022914239552702,0.57285598881755,1,55,"ENSG00000197323","MM909_03"
"53","HALLMARK_ANDROGEN_RESPONSE",0.041285368151792,0.61125992657787,1,100,"ENSG00000138641","MM909_03"
"54","HALLMARK_SPERMATOGENESIS",0.0569375627759672,0.61125992657787,1,139,"ENSG00000105428","MM909_03"
"55","HALLMARK_HEME_METABOLISM",0.0836418453829437,0.61125992657787,1,207,"ENSG00000133606","MM909_03"
"56","HALLMARK_MYC_TARGETS_V1",0.085189795748123,0.61125992657787,1,211,"ENSG00000126261","MM909_03"
"57","HALLMARK_KRAS_SIGNALING_UP",0.0855763897209018,0.61125992657787,1,212,"ENSG00000095015","MM909_03"
"58","HALLMARK_ADIPOGENESIS",1,1,0,201,"","MM909_03"
"59","HALLMARK_ALLOGRAFT_REJECTION",1,1,0,294,"","MM909_03"
"60","HALLMARK_ANGIOGENESIS",1,1,0,36,"","MM909_03"
"61","HALLMARK_APICAL_JUNCTION",1,1,0,220,"","MM909_03"
"62","HALLMARK_APICAL_SURFACE",1,1,0,44,"","MM909_03"
"63","HALLMARK_APOPTOSIS",1,1,0,180,"","MM909_03"
"64","HALLMARK_BILE_ACID_METABOLISM",1,1,0,112,"","MM909_03"
"65","HALLMARK_CHOLESTEROL_HOMEOSTASIS",1,1,0,74,"","MM909_03"
"66","HALLMARK_COAGULATION",1,1,0,151,"","MM909_03"
"67","HALLMARK_COMPLEMENT",1,1,0,230,"","MM909_03"
"68","HALLMARK_DNA_REPAIR",1,1,0,161,"","MM909_03"
"69","HALLMARK_E2F_TARGETS",1,1,0,213,"","MM909_03"
"70","HALLMARK_EPITHELIAL_MESENCHYMAL_TRANSITION",1,1,0,199,"","MM909_03"
"71","HALLMARK_ESTROGEN_RESPONSE_EARLY",1,1,0,207,"","MM909_03"
"72","HALLMARK_ESTROGEN_RESPONSE_LATE",1,1,0,207,"","MM909_03"
"73","HALLMARK_FATTY_ACID_METABOLISM",1,1,0,159,"","MM909_03"
"74","HALLMARK_G2M_CHECKPOINT",1,1,0,199,"","MM909_03"
"75","HALLMARK_GLYCOLYSIS",1,1,0,206,"","MM909_03"
"76","HALLMARK_HEDGEHOG_SIGNALING",1,1,0,36,"","MM909_03"
"77","HALLMARK_IL2_STAT5_SIGNALING",1,1,0,211,"","MM909_03"
"78","HALLMARK_IL6_JAK_STAT3_SIGNALING",1,1,0,102,"","MM909_03"
"79","HALLMARK_INFLAMMATORY_RESPONSE",1,1,0,217,"","MM909_03"
"80","HALLMARK_INTERFERON_ALPHA_RESPONSE",1,1,0,131,"","MM909_03"
"81","HALLMARK_INTERFERON_GAMMA_RESPONSE",1,1,0,273,"","MM909_03"
"82","HALLMARK_KRAS_SIGNALING_DN",1,1,0,208,"","MM909_03"
"83","HALLMARK_MITOTIC_SPINDLE",1,1,0,197,"","MM909_03"
"84","HALLMARK_MTORC1_SIGNALING",1,1,0,199,"","MM909_03"
"85","HALLMARK_MYC_TARGETS_V2",1,1,0,58,"","MM909_03"
"86","HALLMARK_MYOGENESIS",1,1,0,200,"","MM909_03"
"87","HALLMARK_NOTCH_SIGNALING",1,1,0,32,"","MM909_03"
"88","HALLMARK_OXIDATIVE_PHOSPHORYLATION",1,1,0,202,"","MM909_03"
"89","HALLMARK_P53_PATHWAY",1,1,0,212,"","MM909_03"
"90","HALLMARK_PANCREAS_BETA_CELLS",1,1,0,41,"","MM909_03"
"91","HALLMARK_PEROXISOME",1,1,0,104,"","MM909_03"
"92","HALLMARK_PI3K_AKT_MTOR_SIGNALING",1,1,0,110,"","MM909_03"
"93","HALLMARK_PROTEIN_SECRETION",1,1,0,98,"","MM909_03"
"94","HALLMARK_REACTIVE_OXYGEN_SPECIES_PATHWAY",1,1,0,51,"","MM909_03"
"95","HALLMARK_TNFA_SIGNALING_VIA_NFKB",1,1,0,218,"","MM909_03"
"96","HALLMARK_UNFOLDED_PROTEIN_RESPONSE",1,1,0,113,"","MM909_03"
"97","HALLMARK_UV_RESPONSE_DN",1,1,0,144,"","MM909_03"
"98","HALLMARK_UV_RESPONSE_UP",1,1,0,183,"","MM909_03"
"99","HALLMARK_WNT_BETA_CATENIN_SIGNALING",1,1,0,48,"","MM909_03"
"100","HALLMARK_XENOBIOTIC_METABOLISM",1,1,0,215,"","MM909_03"
"101","HALLMARK_ADIPOGENESIS",1,1,0,201,"","MM909_06"
"102","HALLMARK_ALLOGRAFT_REJECTION",1,1,0,294,"","MM909_06"
"103","HALLMARK_ANDROGEN_RESPONSE",1,1,0,100,"","MM909_06"
"104","HALLMARK_ANGIOGENESIS",1,1,0,36,"","MM909_06"
"105","HALLMARK_APICAL_JUNCTION",1,1,0,220,"","MM909_06"
"106","HALLMARK_APICAL_SURFACE",1,1,0,44,"","MM909_06"
"107","HALLMARK_APOPTOSIS",1,1,0,180,"","MM909_06"
"108","HALLMARK_BILE_ACID_METABOLISM",1,1,0,112,"","MM909_06"
"109","HALLMARK_CHOLESTEROL_HOMEOSTASIS",1,1,0,74,"","MM909_06"
"110","HALLMARK_COAGULATION",1,1,0,151,"","MM909_06"
"111","HALLMARK_COMPLEMENT",1,1,0,230,"","MM909_06"
"112","HALLMARK_DNA_REPAIR",1,1,0,161,"","MM909_06"
"113","HALLMARK_E2F_TARGETS",1,1,0,213,"","MM909_06"
"114","HALLMARK_EPITHELIAL_MESENCHYMAL_TRANSITION",1,1,0,199,"","MM909_06"
"115","HALLMARK_ESTROGEN_RESPONSE_EARLY",1,1,0,207,"","MM909_06"
"116","HALLMARK_ESTROGEN_RESPONSE_LATE",1,1,0,207,"","MM909_06"
"117","HALLMARK_FATTY_ACID_METABOLISM",1,1,0,159,"","MM909_06"
"118","HALLMARK_G2M_CHECKPOINT",1,1,0,199,"","MM909_06"
"119","HALLMARK_GLYCOLYSIS",1,1,0,206,"","MM909_06"
"120","HALLMARK_HEDGEHOG_SIGNALING",1,1,0,36,"","MM909_06"
"121","HALLMARK_HEME_METABOLISM",1,1,0,207,"","MM909_06"
"122","HALLMARK_HYPOXIA",1,1,0,206,"","MM909_06"
"123","HALLMARK_IL2_STAT5_SIGNALING",1,1,0,211,"","MM909_06"
"124","HALLMARK_IL6_JAK_STAT3_SIGNALING",1,1,0,102,"","MM909_06"
"125","HALLMARK_INFLAMMATORY_RESPONSE",1,1,0,217,"","MM909_06"
"126","HALLMARK_INTERFERON_ALPHA_RESPONSE",1,1,0,131,"","MM909_06"
"127","HALLMARK_INTERFERON_GAMMA_RESPONSE",1,1,0,273,"","MM909_06"
"128","HALLMARK_KRAS_SIGNALING_DN",1,1,0,208,"","MM909_06"
"129","HALLMARK_KRAS_SIGNALING_UP",1,1,0,212,"","MM909_06"
"130","HALLMARK_MITOTIC_SPINDLE",1,1,0,197,"","MM909_06"
"131","HALLMARK_MTORC1_SIGNALING",1,1,0,199,"","MM909_06"
"132","HALLMARK_MYC_TARGETS_V1",1,1,0,211,"","MM909_06"
"133","HALLMARK_MYC_TARGETS_V2",1,1,0,58,"","MM909_06"
"134","HALLMARK_MYOGENESIS",1,1,0,200,"","MM909_06"
"135","HALLMARK_NOTCH_SIGNALING",1,1,0,32,"","MM909_06"
"136","HALLMARK_OXIDATIVE_PHOSPHORYLATION",1,1,0,202,"","MM909_06"
"137","HALLMARK_P53_PATHWAY",1,1,0,212,"","MM909_06"
"138","HALLMARK_PANCREAS_BETA_CELLS",1,1,0,41,"","MM909_06"
"139","HALLMARK_PEROXISOME",1,1,0,104,"","MM909_06"
"140","HALLMARK_PI3K_AKT_MTOR_SIGNALING",1,1,0,110,"","MM909_06"
"141","HALLMARK_PROTEIN_SECRETION",1,1,0,98,"","MM909_06"
"142","HALLMARK_REACTIVE_OXYGEN_SPECIES_PATHWAY",1,1,0,51,"","MM909_06"
"143","HALLMARK_SPERMATOGENESIS",1,1,0,139,"","MM909_06"
"144","HALLMARK_TGF_BETA_SIGNALING",1,1,0,55,"","MM909_06"
"145","HALLMARK_TNFA_SIGNALING_VIA_NFKB",1,1,0,218,"","MM909_06"
"146","HALLMARK_UNFOLDED_PROTEIN_RESPONSE",1,1,0,113,"","MM909_06"
"147","HALLMARK_UV_RESPONSE_DN",1,1,0,144,"","MM909_06"
"148","HALLMARK_UV_RESPONSE_UP",1,1,0,183,"","MM909_06"
"149","HALLMARK_WNT_BETA_CATENIN_SIGNALING",1,1,0,48,"","MM909_06"
"150","HALLMARK_XENOBIOTIC_METABOLISM",1,1,0,215,"","MM909_06"
"151","HALLMARK_ADIPOGENESIS",1,1,0,201,"","MM909_11"
"152","HALLMARK_ALLOGRAFT_REJECTION",1,1,0,294,"","MM909_11"
"153","HALLMARK_ANDROGEN_RESPONSE",1,1,0,100,"","MM909_11"
"154","HALLMARK_ANGIOGENESIS",1,1,0,36,"","MM909_11"
"155","HALLMARK_APICAL_JUNCTION",1,1,0,220,"","MM909_11"
"156","HALLMARK_APICAL_SURFACE",1,1,0,44,"","MM909_11"
"157","HALLMARK_APOPTOSIS",1,1,0,180,"","MM909_11"
"158","HALLMARK_BILE_ACID_METABOLISM",1,1,0,112,"","MM909_11"
"159","HALLMARK_CHOLESTEROL_HOMEOSTASIS",1,1,0,74,"","MM909_11"
"160","HALLMARK_COAGULATION",1,1,0,151,"","MM909_11"
"161","HALLMARK_COMPLEMENT",1,1,0,230,"","MM909_11"
"162","HALLMARK_DNA_REPAIR",1,1,0,161,"","MM909_11"
"163","HALLMARK_E2F_TARGETS",1,1,0,213,"","MM909_11"
"164","HALLMARK_EPITHELIAL_MESENCHYMAL_TRANSITION",1,1,0,199,"","MM909_11"
"165","HALLMARK_ESTROGEN_RESPONSE_EARLY",1,1,0,207,"","MM909_11"
"166","HALLMARK_ESTROGEN_RESPONSE_LATE",1,1,0,207,"","MM909_11"
"167","HALLMARK_FATTY_ACID_METABOLISM",1,1,0,159,"","MM909_11"
"168","HALLMARK_G2M_CHECKPOINT",1,1,0,199,"","MM909_11"
"169","HALLMARK_GLYCOLYSIS",1,1,0,206,"","MM909_11"
"170","HALLMARK_HEDGEHOG_SIGNALING",1,1,0,36,"","MM909_11"
"171","HALLMARK_HEME_METABOLISM",1,1,0,207,"","MM909_11"
"172","HALLMARK_HYPOXIA",1,1,0,206,"","MM909_11"
"173","HALLMARK_IL2_STAT5_SIGNALING",1,1,0,211,"","MM909_11"
"174","HALLMARK_IL6_JAK_STAT3_SIGNALING",1,1,0,102,"","MM909_11"
"175","HALLMARK_INFLAMMATORY_RESPONSE",1,1,0,217,"","MM909_11"
"176","HALLMARK_INTERFERON_ALPHA_RESPONSE",1,1,0,131,"","MM909_11"
"177","HALLMARK_INTERFERON_GAMMA_RESPONSE",1,1,0,273,"","MM909_11"
"178","HALLMARK_KRAS_SIGNALING_DN",1,1,0,208,"","MM909_11"
"179","HALLMARK_KRAS_SIGNALING_UP",1,1,0,212,"","MM909_11"
"180","HALLMARK_MITOTIC_SPINDLE",1,1,0,197,"","MM909_11"
"181","HALLMARK_MTORC1_SIGNALING",1,1,0,199,"","MM909_11"
"182","HALLMARK_MYC_TARGETS_V1",1,1,0,211,"","MM909_11"
"183","HALLMARK_MYC_TARGETS_V2",1,1,0,58,"","MM909_11"
"184","HALLMARK_MYOGENESIS",1,1,0,200,"","MM909_11"
"185","HALLMARK_NOTCH_SIGNALING",1,1,0,32,"","MM909_11"
"186","HALLMARK_OXIDATIVE_PHOSPHORYLATION",1,1,0,202,"","MM909_11"
"187","HALLMARK_P53_PATHWAY",1,1,0,212,"","MM909_11"
"188","HALLMARK_PANCREAS_BETA_CELLS",1,1,0,41,"","MM909_11"
"189","HALLMARK_PEROXISOME",1,1,0,104,"","MM909_11"
"190","HALLMARK_PI3K_AKT_MTOR_SIGNALING",1,1,0,110,"","MM909_11"
"191","HALLMARK_PROTEIN_SECRETION",1,1,0,98,"","MM909_11"
"192","HALLMARK_REACTIVE_OXYGEN_SPECIES_PATHWAY",1,1,0,51,"","MM909_11"
"193","HALLMARK_SPERMATOGENESIS",1,1,0,139,"","MM909_11"
"194","HALLMARK_TGF_BETA_SIGNALING",1,1,0,55,"","MM909_11"
"195","HALLMARK_TNFA_SIGNALING_VIA_NFKB",1,1,0,218,"","MM909_11"
"196","HALLMARK_UNFOLDED_PROTEIN_RESPONSE",1,1,0,113,"","MM909_11"
"197","HALLMARK_UV_RESPONSE_DN",1,1,0,144,"","MM909_11"
"198","HALLMARK_UV_RESPONSE_UP",1,1,0,183,"","MM909_11"
"199","HALLMARK_WNT_BETA_CATENIN_SIGNALING",1,1,0,48,"","MM909_11"
"200","HALLMARK_XENOBIOTIC_METABOLISM",1,1,0,215,"","MM909_11"
"201","HALLMARK_ADIPOGENESIS",1,1,0,201,"","MM909_14"
"202","HALLMARK_ALLOGRAFT_REJECTION",1,1,0,294,"","MM909_14"
"203","HALLMARK_ANDROGEN_RESPONSE",1,1,0,100,"","MM909_14"
"204","HALLMARK_ANGIOGENESIS",1,1,0,36,"","MM909_14"
"205","HALLMARK_APICAL_JUNCTION",1,1,0,220,"","MM909_14"
"206","HALLMARK_APICAL_SURFACE",1,1,0,44,"","MM909_14"
"207","HALLMARK_APOPTOSIS",1,1,0,180,"","MM909_14"
"208","HALLMARK_BILE_ACID_METABOLISM",1,1,0,112,"","MM909_14"
"209","HALLMARK_CHOLESTEROL_HOMEOSTASIS",1,1,0,74,"","MM909_14"
"210","HALLMARK_COAGULATION",1,1,0,151,"","MM909_14"
"211","HALLMARK_COMPLEMENT",1,1,0,230,"","MM909_14"
"212","HALLMARK_DNA_REPAIR",1,1,0,161,"","MM909_14"
"213","HALLMARK_E2F_TARGETS",1,1,0,213,"","MM909_14"
"214","HALLMARK_EPITHELIAL_MESENCHYMAL_TRANSITION",1,1,0,199,"","MM909_14"
"215","HALLMARK_ESTROGEN_RESPONSE_EARLY",1,1,0,207,"","MM909_14"
"216","HALLMARK_ESTROGEN_RESPONSE_LATE",1,1,0,207,"","MM909_14"
"217","HALLMARK_FATTY_ACID_METABOLISM",1,1,0,159,"","MM909_14"
"218","HALLMARK_G2M_CHECKPOINT",1,1,0,199,"","MM909_14"
"219","HALLMARK_GLYCOLYSIS",1,1,0,206,"","MM909_14"
"220","HALLMARK_HEDGEHOG_SIGNALING",1,1,0,36,"","MM909_14"
"221","HALLMARK_HEME_METABOLISM",1,1,0,207,"","MM909_14"
"222","HALLMARK_HYPOXIA",1,1,0,206,"","MM909_14"
"223","HALLMARK_IL2_STAT5_SIGNALING",1,1,0,211,"","MM909_14"
"224","HALLMARK_IL6_JAK_STAT3_SIGNALING",1,1,0,102,"","MM909_14"
"225","HALLMARK_INFLAMMATORY_RESPONSE",1,1,0,217,"","MM909_14"
"226","HALLMARK_INTERFERON_ALPHA_RESPONSE",1,1,0,131,"","MM909_14"
"227","HALLMARK_INTERFERON_GAMMA_RESPONSE",1,1,0,273,"","MM909_14"
"228","HALLMARK_KRAS_SIGNALING_DN",1,1,0,208,"","MM909_14"
"229","HALLMARK_KRAS_SIGNALING_UP",1,1,0,212,"","MM909_14"
"230","HALLMARK_MITOTIC_SPINDLE",1,1,0,197,"","MM909_14"
"231","HALLMARK_MTORC1_SIGNALING",1,1,0,199,"","MM909_14"
"232","HALLMARK_MYC_TARGETS_V1",1,1,0,211,"","MM909_14"
"233","HALLMARK_MYC_TARGETS_V2",1,1,0,58,"","MM909_14"
"234","HALLMARK_MYOGENESIS",1,1,0,200,"","MM909_14"
"235","HALLMARK_NOTCH_SIGNALING",1,1,0,32,"","MM909_14"
"236","HALLMARK_OXIDATIVE_PHOSPHORYLATION",1,1,0,202,"","MM909_14"
"237","HALLMARK_P53_PATHWAY",1,1,0,212,"","MM909_14"
"238","HALLMARK_PANCREAS_BETA_CELLS",1,1,0,41,"","MM909_14"
"239","HALLMARK_PEROXISOME",1,1,0,104,"","MM909_14"
"240","HALLMARK_PI3K_AKT_MTOR_SIGNALING",1,1,0,110,"","MM909_14"
"241","HALLMARK_PROTEIN_SECRETION",1,1,0,98,"","MM909_14"
"242","HALLMARK_REACTIVE_OXYGEN_SPECIES_PATHWAY",1,1,0,51,"","MM909_14"
"243","HALLMARK_SPERMATOGENESIS",1,1,0,139,"","MM909_14"
"244","HALLMARK_TGF_BETA_SIGNALING",1,1,0,55,"","MM909_14"
"245","HALLMARK_TNFA_SIGNALING_VIA_NFKB",1,1,0,218,"","MM909_14"
"246","HALLMARK_UNFOLDED_PROTEIN_RESPONSE",1,1,0,113,"","MM909_14"
"247","HALLMARK_UV_RESPONSE_DN",1,1,0,144,"","MM909_14"
"248","HALLMARK_UV_RESPONSE_UP",1,1,0,183,"","MM909_14"
"249","HALLMARK_WNT_BETA_CATENIN_SIGNALING",1,1,0,48,"","MM909_14"
"250","HALLMARK_XENOBIOTIC_METABOLISM",1,1,0,215,"","MM909_14"
"251","HALLMARK_INTERFERON_GAMMA_RESPONSE",0.00136656142373494,0.0683280711867468,2,273,"ENSG00000125826, ENSG00000121060","MM909_15"
"252","HALLMARK_NOTCH_SIGNALING",0.00647085853894935,0.161771463473734,1,32,"ENSG00000135144","MM909_15"
"253","HALLMARK_INTERFERON_ALPHA_RESPONSE",0.0262461318492808,0.347852002433112,1,131,"ENSG00000121060","MM909_15"
"254","HALLMARK_SPERMATOGENESIS",0.027828160194649,0.347852002433112,1,139,"ENSG00000072609","MM909_15"
"255","HALLMARK_GLYCOLYSIS",0.0409848086899965,0.409848086899965,1,206,"ENSG00000125826","MM909_15"
"256","HALLMARK_ADIPOGENESIS",1,1,0,201,"","MM909_15"
"257","HALLMARK_ALLOGRAFT_REJECTION",1,1,0,294,"","MM909_15"
"258","HALLMARK_ANDROGEN_RESPONSE",1,1,0,100,"","MM909_15"
"259","HALLMARK_ANGIOGENESIS",1,1,0,36,"","MM909_15"
"260","HALLMARK_APICAL_JUNCTION",1,1,0,220,"","MM909_15"
"261","HALLMARK_APICAL_SURFACE",1,1,0,44,"","MM909_15"
"262","HALLMARK_APOPTOSIS",1,1,0,180,"","MM909_15"
"263","HALLMARK_BILE_ACID_METABOLISM",1,1,0,112,"","MM909_15"
"264","HALLMARK_CHOLESTEROL_HOMEOSTASIS",1,1,0,74,"","MM909_15"
"265","HALLMARK_COAGULATION",1,1,0,151,"","MM909_15"
"266","HALLMARK_COMPLEMENT",1,1,0,230,"","MM909_15"
"267","HALLMARK_DNA_REPAIR",1,1,0,161,"","MM909_15"
"268","HALLMARK_E2F_TARGETS",1,1,0,213,"","MM909_15"
"269","HALLMARK_EPITHELIAL_MESENCHYMAL_TRANSITION",1,1,0,199,"","MM909_15"
"270","HALLMARK_ESTROGEN_RESPONSE_EARLY",1,1,0,207,"","MM909_15"
"271","HALLMARK_ESTROGEN_RESPONSE_LATE",1,1,0,207,"","MM909_15"
"272","HALLMARK_FATTY_ACID_METABOLISM",1,1,0,159,"","MM909_15"
"273","HALLMARK_G2M_CHECKPOINT",1,1,0,199,"","MM909_15"
"274","HALLMARK_HEDGEHOG_SIGNALING",1,1,0,36,"","MM909_15"
"275","HALLMARK_HEME_METABOLISM",1,1,0,207,"","MM909_15"
"276","HALLMARK_HYPOXIA",1,1,0,206,"","MM909_15"
"277","HALLMARK_IL2_STAT5_SIGNALING",1,1,0,211,"","MM909_15"
"278","HALLMARK_IL6_JAK_STAT3_SIGNALING",1,1,0,102,"","MM909_15"
"279","HALLMARK_INFLAMMATORY_RESPONSE",1,1,0,217,"","MM909_15"
"280","HALLMARK_KRAS_SIGNALING_DN",1,1,0,208,"","MM909_15"
"281","HALLMARK_KRAS_SIGNALING_UP",1,1,0,212,"","MM909_15"
"282","HALLMARK_MITOTIC_SPINDLE",1,1,0,197,"","MM909_15"
"283","HALLMARK_MTORC1_SIGNALING",1,1,0,199,"","MM909_15"
"284","HALLMARK_MYC_TARGETS_V1",1,1,0,211,"","MM909_15"
"285","HALLMARK_MYC_TARGETS_V2",1,1,0,58,"","MM909_15"
"286","HALLMARK_MYOGENESIS",1,1,0,200,"","MM909_15"
"287","HALLMARK_OXIDATIVE_PHOSPHORYLATION",1,1,0,202,"","MM909_15"
"288","HALLMARK_P53_PATHWAY",1,1,0,212,"","MM909_15"
"289","HALLMARK_PANCREAS_BETA_CELLS",1,1,0,41,"","MM909_15"
"290","HALLMARK_PEROXISOME",1,1,0,104,"","MM909_15"
"291","HALLMARK_PI3K_AKT_MTOR_SIGNALING",1,1,0,110,"","MM909_15"
"292","HALLMARK_PROTEIN_SECRETION",1,1,0,98,"","MM909_15"
"293","HALLMARK_REACTIVE_OXYGEN_SPECIES_PATHWAY",1,1,0,51,"","MM909_15"
"294","HALLMARK_TGF_BETA_SIGNALING",1,1,0,55,"","MM909_15"
"295","HALLMARK_TNFA_SIGNALING_VIA_NFKB",1,1,0,218,"","MM909_15"
"296","HALLMARK_UNFOLDED_PROTEIN_RESPONSE",1,1,0,113,"","MM909_15"
"297","HALLMARK_UV_RESPONSE_DN",1,1,0,144,"","MM909_15"
"298","HALLMARK_UV_RESPONSE_UP",1,1,0,183,"","MM909_15"
"299","HALLMARK_WNT_BETA_CATENIN_SIGNALING",1,1,0,48,"","MM909_15"
"300","HALLMARK_XENOBIOTIC_METABOLISM",1,1,0,215,"","MM909_15"
"301","HALLMARK_ADIPOGENESIS",1,1,0,201,"","MM909_16"
"302","HALLMARK_ALLOGRAFT_REJECTION",1,1,0,294,"","MM909_16"
"303","HALLMARK_ANDROGEN_RESPONSE",1,1,0,100,"","MM909_16"
"304","HALLMARK_ANGIOGENESIS",1,1,0,36,"","MM909_16"
"305","HALLMARK_APICAL_JUNCTION",1,1,0,220,"","MM909_16"
"306","HALLMARK_APICAL_SURFACE",1,1,0,44,"","MM909_16"
"307","HALLMARK_APOPTOSIS",1,1,0,180,"","MM909_16"
"308","HALLMARK_BILE_ACID_METABOLISM",1,1,0,112,"","MM909_16"
"309","HALLMARK_CHOLESTEROL_HOMEOSTASIS",1,1,0,74,"","MM909_16"
"310","HALLMARK_COAGULATION",1,1,0,151,"","MM909_16"
"311","HALLMARK_COMPLEMENT",1,1,0,230,"","MM909_16"
"312","HALLMARK_DNA_REPAIR",1,1,0,161,"","MM909_16"
"313","HALLMARK_E2F_TARGETS",1,1,0,213,"","MM909_16"
"314","HALLMARK_EPITHELIAL_MESENCHYMAL_TRANSITION",1,1,0,199,"","MM909_16"
"315","HALLMARK_ESTROGEN_RESPONSE_EARLY",1,1,0,207,"","MM909_16"
"316","HALLMARK_ESTROGEN_RESPONSE_LATE",1,1,0,207,"","MM909_16"
"317","HALLMARK_FATTY_ACID_METABOLISM",1,1,0,159,"","MM909_16"
"318","HALLMARK_G2M_CHECKPOINT",1,1,0,199,"","MM909_16"
"319","HALLMARK_GLYCOLYSIS",1,1,0,206,"","MM909_16"
"320","HALLMARK_HEDGEHOG_SIGNALING",1,1,0,36,"","MM909_16"
"321","HALLMARK_HEME_METABOLISM",1,1,0,207,"","MM909_16"
"322","HALLMARK_HYPOXIA",1,1,0,206,"","MM909_16"
"323","HALLMARK_IL2_STAT5_SIGNALING",1,1,0,211,"","MM909_16"
"324","HALLMARK_IL6_JAK_STAT3_SIGNALING",1,1,0,102,"","MM909_16"
"325","HALLMARK_INFLAMMATORY_RESPONSE",1,1,0,217,"","MM909_16"
"326","HALLMARK_INTERFERON_ALPHA_RESPONSE",1,1,0,131,"","MM909_16"
"327","HALLMARK_INTERFERON_GAMMA_RESPONSE",1,1,0,273,"","MM909_16"
"328","HALLMARK_KRAS_SIGNALING_DN",1,1,0,208,"","MM909_16"
"329","HALLMARK_KRAS_SIGNALING_UP",1,1,0,212,"","MM909_16"
"330","HALLMARK_MITOTIC_SPINDLE",1,1,0,197,"","MM909_16"
"331","HALLMARK_MTORC1_SIGNALING",1,1,0,199,"","MM909_16"
"332","HALLMARK_MYC_TARGETS_V1",1,1,0,211,"","MM909_16"
"333","HALLMARK_MYC_TARGETS_V2",1,1,0,58,"","MM909_16"
"334","HALLMARK_MYOGENESIS",1,1,0,200,"","MM909_16"
"335","HALLMARK_NOTCH_SIGNALING",1,1,0,32,"","MM909_16"
"336","HALLMARK_OXIDATIVE_PHOSPHORYLATION",1,1,0,202,"","MM909_16"
"337","HALLMARK_P53_PATHWAY",1,1,0,212,"","MM909_16"
"338","HALLMARK_PANCREAS_BETA_CELLS",1,1,0,41,"","MM909_16"
"339","HALLMARK_PEROXISOME",1,1,0,104,"","MM909_16"
"340","HALLMARK_PI3K_AKT_MTOR_SIGNALING",1,1,0,110,"","MM909_16"
"341","HALLMARK_PROTEIN_SECRETION",1,1,0,98,"","MM909_16"
"342","HALLMARK_REACTIVE_OXYGEN_SPECIES_PATHWAY",1,1,0,51,"","MM909_16"
"343","HALLMARK_SPERMATOGENESIS",1,1,0,139,"","MM909_16"
"344","HALLMARK_TGF_BETA_SIGNALING",1,1,0,55,"","MM909_16"
"345","HALLMARK_TNFA_SIGNALING_VIA_NFKB",1,1,0,218,"","MM909_16"
"346","HALLMARK_UNFOLDED_PROTEIN_RESPONSE",1,1,0,113,"","MM909_16"
"347","HALLMARK_UV_RESPONSE_DN",1,1,0,144,"","MM909_16"
"348","HALLMARK_UV_RESPONSE_UP",1,1,0,183,"","MM909_16"
"349","HALLMARK_WNT_BETA_CATENIN_SIGNALING",1,1,0,48,"","MM909_16"
"350","HALLMARK_XENOBIOTIC_METABOLISM",1,1,0,215,"","MM909_16"
"351","HALLMARK_P53_PATHWAY",0.0325866611773897,0.882723358955825,1,212,"ENSG00000123124","MM909_17"
"352","HALLMARK_COMPLEMENT",0.035308934358233,0.882723358955825,1,230,"ENSG00000114423","MM909_17"
"353","HALLMARK_ADIPOGENESIS",1,1,0,201,"","MM909_17"
"354","HALLMARK_ALLOGRAFT_REJECTION",1,1,0,294,"","MM909_17"
"355","HALLMARK_ANDROGEN_RESPONSE",1,1,0,100,"","MM909_17"
"356","HALLMARK_ANGIOGENESIS",1,1,0,36,"","MM909_17"
"357","HALLMARK_APICAL_JUNCTION",1,1,0,220,"","MM909_17"
"358","HALLMARK_APICAL_SURFACE",1,1,0,44,"","MM909_17"
"359","HALLMARK_APOPTOSIS",1,1,0,180,"","MM909_17"
"360","HALLMARK_BILE_ACID_METABOLISM",1,1,0,112,"","MM909_17"
"361","HALLMARK_CHOLESTEROL_HOMEOSTASIS",1,1,0,74,"","MM909_17"
"362","HALLMARK_COAGULATION",1,1,0,151,"","MM909_17"
"363","HALLMARK_DNA_REPAIR",1,1,0,161,"","MM909_17"
"364","HALLMARK_E2F_TARGETS",1,1,0,213,"","MM909_17"
"365","HALLMARK_EPITHELIAL_MESENCHYMAL_TRANSITION",1,1,0,199,"","MM909_17"
"366","HALLMARK_ESTROGEN_RESPONSE_EARLY",1,1,0,207,"","MM909_17"
"367","HALLMARK_ESTROGEN_RESPONSE_LATE",1,1,0,207,"","MM909_17"
"368","HALLMARK_FATTY_ACID_METABOLISM",1,1,0,159,"","MM909_17"
"369","HALLMARK_G2M_CHECKPOINT",1,1,0,199,"","MM909_17"
"370","HALLMARK_GLYCOLYSIS",1,1,0,206,"","MM909_17"
"371","HALLMARK_HEDGEHOG_SIGNALING",1,1,0,36,"","MM909_17"
"372","HALLMARK_HEME_METABOLISM",1,1,0,207,"","MM909_17"
"373","HALLMARK_HYPOXIA",1,1,0,206,"","MM909_17"
"374","HALLMARK_IL2_STAT5_SIGNALING",1,1,0,211,"","MM909_17"
"375","HALLMARK_IL6_JAK_STAT3_SIGNALING",1,1,0,102,"","MM909_17"
"376","HALLMARK_INFLAMMATORY_RESPONSE",1,1,0,217,"","MM909_17"
"377","HALLMARK_INTERFERON_ALPHA_RESPONSE",1,1,0,131,"","MM909_17"
"378","HALLMARK_INTERFERON_GAMMA_RESPONSE",1,1,0,273,"","MM909_17"
"379","HALLMARK_KRAS_SIGNALING_DN",1,1,0,208,"","MM909_17"
"380","HALLMARK_KRAS_SIGNALING_UP",1,1,0,212,"","MM909_17"
"381","HALLMARK_MITOTIC_SPINDLE",1,1,0,197,"","MM909_17"
"382","HALLMARK_MTORC1_SIGNALING",1,1,0,199,"","MM909_17"
"383","HALLMARK_MYC_TARGETS_V1",1,1,0,211,"","MM909_17"
"384","HALLMARK_MYC_TARGETS_V2",1,1,0,58,"","MM909_17"
"385","HALLMARK_MYOGENESIS",1,1,0,200,"","MM909_17"
"386","HALLMARK_NOTCH_SIGNALING",1,1,0,32,"","MM909_17"
"387","HALLMARK_OXIDATIVE_PHOSPHORYLATION",1,1,0,202,"","MM909_17"
"388","HALLMARK_PANCREAS_BETA_CELLS",1,1,0,41,"","MM909_17"
"389","HALLMARK_PEROXISOME",1,1,0,104,"","MM909_17"
"390","HALLMARK_PI3K_AKT_MTOR_SIGNALING",1,1,0,110,"","MM909_17"
"391","HALLMARK_PROTEIN_SECRETION",1,1,0,98,"","MM909_17"
"392","HALLMARK_REACTIVE_OXYGEN_SPECIES_PATHWAY",1,1,0,51,"","MM909_17"
"393","HALLMARK_SPERMATOGENESIS",1,1,0,139,"","MM909_17"
"394","HALLMARK_TGF_BETA_SIGNALING",1,1,0,55,"","MM909_17"
"395","HALLMARK_TNFA_SIGNALING_VIA_NFKB",1,1,0,218,"","MM909_17"
"396","HALLMARK_UNFOLDED_PROTEIN_RESPONSE",1,1,0,113,"","MM909_17"
"397","HALLMARK_UV_RESPONSE_DN",1,1,0,144,"","MM909_17"
"398","HALLMARK_UV_RESPONSE_UP",1,1,0,183,"","MM909_17"
"399","HALLMARK_WNT_BETA_CATENIN_SIGNALING",1,1,0,48,"","MM909_17"
"400","HALLMARK_XENOBIOTIC_METABOLISM",1,1,0,215,"","MM909_17"
"401","HALLMARK_APICAL_SURFACE",0.00547837253731664,0.257927447705166,1,44,"ENSG00000012048","MM909_20"
"402","HALLMARK_INTERFERON_ALPHA_RESPONSE",0.0162333621586865,0.257927447705166,1,131,"ENSG00000234127","MM909_20"
"403","HALLMARK_APOPTOSIS",0.0222458559186391,0.257927447705166,1,180,"ENSG00000012048","MM909_20"
"404","HALLMARK_P53_PATHWAY",0.0261550044078216,0.257927447705166,1,212,"ENSG00000109670","MM909_20"
"405","HALLMARK_E2F_TARGETS",0.0262769446170049,0.257927447705166,1,213,"ENSG00000012048","MM909_20"
"406","HALLMARK_INTERFERON_GAMMA_RESPONSE",0.0335689527750047,0.257927447705166,1,273,"ENSG00000234127","MM909_20"
"407","HALLMARK_ALLOGRAFT_REJECTION",0.0361098426787232,0.257927447705166,1,294,"ENSG00000012048","MM909_20"
"408","HALLMARK_ADIPOGENESIS",1,1,0,201,"","MM909_20"
"409","HALLMARK_ANDROGEN_RESPONSE",1,1,0,100,"","MM909_20"
"410","HALLMARK_ANGIOGENESIS",1,1,0,36,"","MM909_20"
"411","HALLMARK_APICAL_JUNCTION",1,1,0,220,"","MM909_20"
"412","HALLMARK_BILE_ACID_METABOLISM",1,1,0,112,"","MM909_20"
"413","HALLMARK_CHOLESTEROL_HOMEOSTASIS",1,1,0,74,"","MM909_20"
"414","HALLMARK_COAGULATION",1,1,0,151,"","MM909_20"
"415","HALLMARK_COMPLEMENT",1,1,0,230,"","MM909_20"
"416","HALLMARK_DNA_REPAIR",1,1,0,161,"","MM909_20"
"417","HALLMARK_EPITHELIAL_MESENCHYMAL_TRANSITION",1,1,0,199,"","MM909_20"
"418","HALLMARK_ESTROGEN_RESPONSE_EARLY",1,1,0,207,"","MM909_20"
"419","HALLMARK_ESTROGEN_RESPONSE_LATE",1,1,0,207,"","MM909_20"
"420","HALLMARK_FATTY_ACID_METABOLISM",1,1,0,159,"","MM909_20"
"421","HALLMARK_G2M_CHECKPOINT",1,1,0,199,"","MM909_20"
"422","HALLMARK_GLYCOLYSIS",1,1,0,206,"","MM909_20"
"423","HALLMARK_HEDGEHOG_SIGNALING",1,1,0,36,"","MM909_20"
"424","HALLMARK_HEME_METABOLISM",1,1,0,207,"","MM909_20"
"425","HALLMARK_HYPOXIA",1,1,0,206,"","MM909_20"
"426","HALLMARK_IL2_STAT5_SIGNALING",1,1,0,211,"","MM909_20"
"427","HALLMARK_IL6_JAK_STAT3_SIGNALING",1,1,0,102,"","MM909_20"
"428","HALLMARK_INFLAMMATORY_RESPONSE",1,1,0,217,"","MM909_20"
"429","HALLMARK_KRAS_SIGNALING_DN",1,1,0,208,"","MM909_20"
"430","HALLMARK_KRAS_SIGNALING_UP",1,1,0,212,"","MM909_20"
"431","HALLMARK_MITOTIC_SPINDLE",1,1,0,197,"","MM909_20"
"432","HALLMARK_MTORC1_SIGNALING",1,1,0,199,"","MM909_20"
"433","HALLMARK_MYC_TARGETS_V1",1,1,0,211,"","MM909_20"
"434","HALLMARK_MYC_TARGETS_V2",1,1,0,58,"","MM909_20"
"435","HALLMARK_MYOGENESIS",1,1,0,200,"","MM909_20"
"436","HALLMARK_NOTCH_SIGNALING",1,1,0,32,"","MM909_20"
"437","HALLMARK_OXIDATIVE_PHOSPHORYLATION",1,1,0,202,"","MM909_20"
"438","HALLMARK_PANCREAS_BETA_CELLS",1,1,0,41,"","MM909_20"
"439","HALLMARK_PEROXISOME",1,1,0,104,"","MM909_20"
"440","HALLMARK_PI3K_AKT_MTOR_SIGNALING",1,1,0,110,"","MM909_20"
"441","HALLMARK_PROTEIN_SECRETION",1,1,0,98,"","MM909_20"
"442","HALLMARK_REACTIVE_OXYGEN_SPECIES_PATHWAY",1,1,0,51,"","MM909_20"
"443","HALLMARK_SPERMATOGENESIS",1,1,0,139,"","MM909_20"
"444","HALLMARK_TGF_BETA_SIGNALING",1,1,0,55,"","MM909_20"
"445","HALLMARK_TNFA_SIGNALING_VIA_NFKB",1,1,0,218,"","MM909_20"
"446","HALLMARK_UNFOLDED_PROTEIN_RESPONSE",1,1,0,113,"","MM909_20"
"447","HALLMARK_UV_RESPONSE_DN",1,1,0,144,"","MM909_20"
"448","HALLMARK_UV_RESPONSE_UP",1,1,0,183,"","MM909_20"
"449","HALLMARK_WNT_BETA_CATENIN_SIGNALING",1,1,0,48,"","MM909_20"
"450","HALLMARK_XENOBIOTIC_METABOLISM",1,1,0,215,"","MM909_20"
"451","HALLMARK_IL2_STAT5_SIGNALING",0.0882022803848326,1,1,211,"ENSG00000086758","MM909_22"
"452","HALLMARK_INTERFERON_GAMMA_RESPONSE",0.112660242422869,1,1,273,"ENSG00000173821","MM909_22"
"453","HALLMARK_ADIPOGENESIS",1,1,0,201,"","MM909_22"
"454","HALLMARK_ALLOGRAFT_REJECTION",1,1,0,294,"","MM909_22"
"455","HALLMARK_ANDROGEN_RESPONSE",1,1,0,100,"","MM909_22"
"456","HALLMARK_ANGIOGENESIS",1,1,0,36,"","MM909_22"
"457","HALLMARK_APICAL_JUNCTION",1,1,0,220,"","MM909_22"
"458","HALLMARK_APICAL_SURFACE",1,1,0,44,"","MM909_22"
"459","HALLMARK_APOPTOSIS",1,1,0,180,"","MM909_22"
"460","HALLMARK_BILE_ACID_METABOLISM",1,1,0,112,"","MM909_22"
"461","HALLMARK_CHOLESTEROL_HOMEOSTASIS",1,1,0,74,"","MM909_22"
"462","HALLMARK_COAGULATION",1,1,0,151,"","MM909_22"
"463","HALLMARK_COMPLEMENT",1,1,0,230,"","MM909_22"
"464","HALLMARK_DNA_REPAIR",1,1,0,161,"","MM909_22"
"465","HALLMARK_E2F_TARGETS",1,1,0,213,"","MM909_22"
"466","HALLMARK_EPITHELIAL_MESENCHYMAL_TRANSITION",1,1,0,199,"","MM909_22"
"467","HALLMARK_ESTROGEN_RESPONSE_EARLY",1,1,0,207,"","MM909_22"
"468","HALLMARK_ESTROGEN_RESPONSE_LATE",1,1,0,207,"","MM909_22"
"469","HALLMARK_FATTY_ACID_METABOLISM",1,1,0,159,"","MM909_22"
"470","HALLMARK_G2M_CHECKPOINT",1,1,0,199,"","MM909_22"
"471","HALLMARK_GLYCOLYSIS",1,1,0,206,"","MM909_22"
"472","HALLMARK_HEDGEHOG_SIGNALING",1,1,0,36,"","MM909_22"
"473","HALLMARK_HEME_METABOLISM",1,1,0,207,"","MM909_22"
"474","HALLMARK_HYPOXIA",1,1,0,206,"","MM909_22"
"475","HALLMARK_IL6_JAK_STAT3_SIGNALING",1,1,0,102,"","MM909_22"
"476","HALLMARK_INFLAMMATORY_RESPONSE",1,1,0,217,"","MM909_22"
"477","HALLMARK_INTERFERON_ALPHA_RESPONSE",1,1,0,131,"","MM909_22"
"478","HALLMARK_KRAS_SIGNALING_DN",1,1,0,208,"","MM909_22"
"479","HALLMARK_KRAS_SIGNALING_UP",1,1,0,212,"","MM909_22"
"480","HALLMARK_MITOTIC_SPINDLE",1,1,0,197,"","MM909_22"
"481","HALLMARK_MTORC1_SIGNALING",1,1,0,199,"","MM909_22"
"482","HALLMARK_MYC_TARGETS_V1",1,1,0,211,"","MM909_22"
"483","HALLMARK_MYC_TARGETS_V2",1,1,0,58,"","MM909_22"
"484","HALLMARK_MYOGENESIS",1,1,0,200,"","MM909_22"
"485","HALLMARK_NOTCH_SIGNALING",1,1,0,32,"","MM909_22"
"486","HALLMARK_OXIDATIVE_PHOSPHORYLATION",1,1,0,202,"","MM909_22"
"487","HALLMARK_P53_PATHWAY",1,1,0,212,"","MM909_22"
"488","HALLMARK_PANCREAS_BETA_CELLS",1,1,0,41,"","MM909_22"
"489","HALLMARK_PEROXISOME",1,1,0,104,"","MM909_22"
"490","HALLMARK_PI3K_AKT_MTOR_SIGNALING",1,1,0,110,"","MM909_22"
"491","HALLMARK_PROTEIN_SECRETION",1,1,0,98,"","MM909_22"
"492","HALLMARK_REACTIVE_OXYGEN_SPECIES_PATHWAY",1,1,0,51,"","MM909_22"
"493","HALLMARK_SPERMATOGENESIS",1,1,0,139,"","MM909_22"
"494","HALLMARK_TGF_BETA_SIGNALING",1,1,0,55,"","MM909_22"
"495","HALLMARK_TNFA_SIGNALING_VIA_NFKB",1,1,0,218,"","MM909_22"
"496","HALLMARK_UNFOLDED_PROTEIN_RESPONSE",1,1,0,113,"","MM909_22"
"497","HALLMARK_UV_RESPONSE_DN",1,1,0,144,"","MM909_22"
"498","HALLMARK_UV_RESPONSE_UP",1,1,0,183,"","MM909_22"
"499","HALLMARK_WNT_BETA_CATENIN_SIGNALING",1,1,0,48,"","MM909_22"
"500","HALLMARK_XENOBIOTIC_METABOLISM",1,1,0,215,"","MM909_22"
"501","HALLMARK_NOTCH_SIGNALING",0.00249360888328265,0.107070392357883,1,32,"ENSG00000091073","MM909_24"
"502","HALLMARK_TGF_BETA_SIGNALING",0.00428281569431532,0.107070392357883,1,55,"ENSG00000198742","MM909_24"
"503","HALLMARK_COAGULATION",0.0117231087621124,0.156194677612116,1,151,"ENSG00000102226","MM909_24"
"504","HALLMARK_DNA_REPAIR",0.0124955742089693,0.156194677612116,1,161,"ENSG00000102226","MM909_24"
"505","HALLMARK_ADIPOGENESIS",1,1,0,201,"","MM909_24"
"506","HALLMARK_ALLOGRAFT_REJECTION",1,1,0,294,"","MM909_24"
"507","HALLMARK_ANDROGEN_RESPONSE",1,1,0,100,"","MM909_24"
"508","HALLMARK_ANGIOGENESIS",1,1,0,36,"","MM909_24"
"509","HALLMARK_APICAL_JUNCTION",1,1,0,220,"","MM909_24"
"510","HALLMARK_APICAL_SURFACE",1,1,0,44,"","MM909_24"
"511","HALLMARK_APOPTOSIS",1,1,0,180,"","MM909_24"
"512","HALLMARK_BILE_ACID_METABOLISM",1,1,0,112,"","MM909_24"
"513","HALLMARK_CHOLESTEROL_HOMEOSTASIS",1,1,0,74,"","MM909_24"
"514","HALLMARK_COMPLEMENT",1,1,0,230,"","MM909_24"
"515","HALLMARK_E2F_TARGETS",1,1,0,213,"","MM909_24"
"516","HALLMARK_EPITHELIAL_MESENCHYMAL_TRANSITION",1,1,0,199,"","MM909_24"
"517","HALLMARK_ESTROGEN_RESPONSE_EARLY",1,1,0,207,"","MM909_24"
"518","HALLMARK_ESTROGEN_RESPONSE_LATE",1,1,0,207,"","MM909_24"
"519","HALLMARK_FATTY_ACID_METABOLISM",1,1,0,159,"","MM909_24"
"520","HALLMARK_G2M_CHECKPOINT",1,1,0,199,"","MM909_24"
"521","HALLMARK_GLYCOLYSIS",1,1,0,206,"","MM909_24"
"522","HALLMARK_HEDGEHOG_SIGNALING",1,1,0,36,"","MM909_24"
"523","HALLMARK_HEME_METABOLISM",1,1,0,207,"","MM909_24"
"524","HALLMARK_HYPOXIA",1,1,0,206,"","MM909_24"
"525","HALLMARK_IL2_STAT5_SIGNALING",1,1,0,211,"","MM909_24"
"526","HALLMARK_IL6_JAK_STAT3_SIGNALING",1,1,0,102,"","MM909_24"
"527","HALLMARK_INFLAMMATORY_RESPONSE",1,1,0,217,"","MM909_24"
"528","HALLMARK_INTERFERON_ALPHA_RESPONSE",1,1,0,131,"","MM909_24"
"529","HALLMARK_INTERFERON_GAMMA_RESPONSE",1,1,0,273,"","MM909_24"
"530","HALLMARK_KRAS_SIGNALING_DN",1,1,0,208,"","MM909_24"
"531","HALLMARK_KRAS_SIGNALING_UP",1,1,0,212,"","MM909_24"
"532","HALLMARK_MITOTIC_SPINDLE",1,1,0,197,"","MM909_24"
"533","HALLMARK_MTORC1_SIGNALING",1,1,0,199,"","MM909_24"
"534","HALLMARK_MYC_TARGETS_V1",1,1,0,211,"","MM909_24"
"535","HALLMARK_MYC_TARGETS_V2",1,1,0,58,"","MM909_24"
"536","HALLMARK_MYOGENESIS",1,1,0,200,"","MM909_24"
"537","HALLMARK_OXIDATIVE_PHOSPHORYLATION",1,1,0,202,"","MM909_24"
"538","HALLMARK_P53_PATHWAY",1,1,0,212,"","MM909_24"
"539","HALLMARK_PANCREAS_BETA_CELLS",1,1,0,41,"","MM909_24"
"540","HALLMARK_PEROXISOME",1,1,0,104,"","MM909_24"
"541","HALLMARK_PI3K_AKT_MTOR_SIGNALING",1,1,0,110,"","MM909_24"
"542","HALLMARK_PROTEIN_SECRETION",1,1,0,98,"","MM909_24"
"543","HALLMARK_REACTIVE_OXYGEN_SPECIES_PATHWAY",1,1,0,51,"","MM909_24"
"544","HALLMARK_SPERMATOGENESIS",1,1,0,139,"","MM909_24"
"545","HALLMARK_TNFA_SIGNALING_VIA_NFKB",1,1,0,218,"","MM909_24"
"546","HALLMARK_UNFOLDED_PROTEIN_RESPONSE",1,1,0,113,"","MM909_24"
"547","HALLMARK_UV_RESPONSE_DN",1,1,0,144,"","MM909_24"
"548","HALLMARK_UV_RESPONSE_UP",1,1,0,183,"","MM909_24"
"549","HALLMARK_WNT_BETA_CATENIN_SIGNALING",1,1,0,48,"","MM909_24"
"550","HALLMARK_XENOBIOTIC_METABOLISM",1,1,0,215,"","MM909_24"
"551","HALLMARK_ADIPOGENESIS",1,1,0,201,"","MM909_25"
"552","HALLMARK_ALLOGRAFT_REJECTION",1,1,0,294,"","MM909_25"
"553","HALLMARK_ANDROGEN_RESPONSE",1,1,0,100,"","MM909_25"
"554","HALLMARK_ANGIOGENESIS",1,1,0,36,"","MM909_25"
"555","HALLMARK_APICAL_JUNCTION",1,1,0,220,"","MM909_25"
"556","HALLMARK_APICAL_SURFACE",1,1,0,44,"","MM909_25"
"557","HALLMARK_APOPTOSIS",1,1,0,180,"","MM909_25"
"558","HALLMARK_BILE_ACID_METABOLISM",1,1,0,112,"","MM909_25"
"559","HALLMARK_CHOLESTEROL_HOMEOSTASIS",1,1,0,74,"","MM909_25"
"560","HALLMARK_COAGULATION",1,1,0,151,"","MM909_25"
"561","HALLMARK_COMPLEMENT",1,1,0,230,"","MM909_25"
"562","HALLMARK_DNA_REPAIR",1,1,0,161,"","MM909_25"
"563","HALLMARK_E2F_TARGETS",1,1,0,213,"","MM909_25"
"564","HALLMARK_EPITHELIAL_MESENCHYMAL_TRANSITION",1,1,0,199,"","MM909_25"
"565","HALLMARK_ESTROGEN_RESPONSE_EARLY",1,1,0,207,"","MM909_25"
"566","HALLMARK_ESTROGEN_RESPONSE_LATE",1,1,0,207,"","MM909_25"
"567","HALLMARK_FATTY_ACID_METABOLISM",1,1,0,159,"","MM909_25"
"568","HALLMARK_G2M_CHECKPOINT",1,1,0,199,"","MM909_25"
"569","HALLMARK_GLYCOLYSIS",1,1,0,206,"","MM909_25"
"570","HALLMARK_HEDGEHOG_SIGNALING",1,1,0,36,"","MM909_25"
"571","HALLMARK_HEME_METABOLISM",1,1,0,207,"","MM909_25"
"572","HALLMARK_HYPOXIA",1,1,0,206,"","MM909_25"
"573","HALLMARK_IL2_STAT5_SIGNALING",1,1,0,211,"","MM909_25"
"574","HALLMARK_IL6_JAK_STAT3_SIGNALING",1,1,0,102,"","MM909_25"
"575","HALLMARK_INFLAMMATORY_RESPONSE",1,1,0,217,"","MM909_25"
"576","HALLMARK_INTERFERON_ALPHA_RESPONSE",1,1,0,131,"","MM909_25"
"577","HALLMARK_INTERFERON_GAMMA_RESPONSE",1,1,0,273,"","MM909_25"
"578","HALLMARK_KRAS_SIGNALING_DN",1,1,0,208,"","MM909_25"
"579","HALLMARK_KRAS_SIGNALING_UP",1,1,0,212,"","MM909_25"
"580","HALLMARK_MITOTIC_SPINDLE",1,1,0,197,"","MM909_25"
"581","HALLMARK_MTORC1_SIGNALING",1,1,0,199,"","MM909_25"
"582","HALLMARK_MYC_TARGETS_V1",1,1,0,211,"","MM909_25"
"583","HALLMARK_MYC_TARGETS_V2",1,1,0,58,"","MM909_25"
"584","HALLMARK_MYOGENESIS",1,1,0,200,"","MM909_25"
"585","HALLMARK_NOTCH_SIGNALING",1,1,0,32,"","MM909_25"
"586","HALLMARK_OXIDATIVE_PHOSPHORYLATION",1,1,0,202,"","MM909_25"
"587","HALLMARK_P53_PATHWAY",1,1,0,212,"","MM909_25"
"588","HALLMARK_PANCREAS_BETA_CELLS",1,1,0,41,"","MM909_25"
"589","HALLMARK_PEROXISOME",1,1,0,104,"","MM909_25"
"590","HALLMARK_PI3K_AKT_MTOR_SIGNALING",1,1,0,110,"","MM909_25"
"591","HALLMARK_PROTEIN_SECRETION",1,1,0,98,"","MM909_25"
"592","HALLMARK_REACTIVE_OXYGEN_SPECIES_PATHWAY",1,1,0,51,"","MM909_25"
"593","HALLMARK_SPERMATOGENESIS",1,1,0,139,"","MM909_25"
"594","HALLMARK_TGF_BETA_SIGNALING",1,1,0,55,"","MM909_25"
"595","HALLMARK_TNFA_SIGNALING_VIA_NFKB",1,1,0,218,"","MM909_25"
"596","HALLMARK_UNFOLDED_PROTEIN_RESPONSE",1,1,0,113,"","MM909_25"
"597","HALLMARK_UV_RESPONSE_DN",1,1,0,144,"","MM909_25"
"598","HALLMARK_UV_RESPONSE_UP",1,1,0,183,"","MM909_25"
"599","HALLMARK_WNT_BETA_CATENIN_SIGNALING",1,1,0,48,"","MM909_25"
"600","HALLMARK_XENOBIOTIC_METABOLISM",1,1,0,215,"","MM909_25"
"601","HALLMARK_KRAS_SIGNALING_DN",0.0382537199958043,0.703672150377963,1,208,"ENSG00000167548","MM909_26"
"602","HALLMARK_IL2_STAT5_SIGNALING",0.0387955064799868,0.703672150377963,1,211,"ENSG00000086758","MM909_26"
"603","HALLMARK_COMPLEMENT",0.0422203290226778,0.703672150377963,1,230,"ENSG00000063978","MM909_26"
"604","HALLMARK_ADIPOGENESIS",1,1,0,201,"","MM909_26"
"605","HALLMARK_ALLOGRAFT_REJECTION",1,1,0,294,"","MM909_26"
"606","HALLMARK_ANDROGEN_RESPONSE",1,1,0,100,"","MM909_26"
"607","HALLMARK_ANGIOGENESIS",1,1,0,36,"","MM909_26"
"608","HALLMARK_APICAL_JUNCTION",1,1,0,220,"","MM909_26"
"609","HALLMARK_APICAL_SURFACE",1,1,0,44,"","MM909_26"
"610","HALLMARK_APOPTOSIS",1,1,0,180,"","MM909_26"
"611","HALLMARK_BILE_ACID_METABOLISM",1,1,0,112,"","MM909_26"
"612","HALLMARK_CHOLESTEROL_HOMEOSTASIS",1,1,0,74,"","MM909_26"
"613","HALLMARK_COAGULATION",1,1,0,151,"","MM909_26"
"614","HALLMARK_DNA_REPAIR",1,1,0,161,"","MM909_26"
"615","HALLMARK_E2F_TARGETS",1,1,0,213,"","MM909_26"
"616","HALLMARK_EPITHELIAL_MESENCHYMAL_TRANSITION",1,1,0,199,"","MM909_26"
"617","HALLMARK_ESTROGEN_RESPONSE_EARLY",1,1,0,207,"","MM909_26"
"618","HALLMARK_ESTROGEN_RESPONSE_LATE",1,1,0,207,"","MM909_26"
"619","HALLMARK_FATTY_ACID_METABOLISM",1,1,0,159,"","MM909_26"
"620","HALLMARK_G2M_CHECKPOINT",1,1,0,199,"","MM909_26"
"621","HALLMARK_GLYCOLYSIS",1,1,0,206,"","MM909_26"
"622","HALLMARK_HEDGEHOG_SIGNALING",1,1,0,36,"","MM909_26"
"623","HALLMARK_HEME_METABOLISM",1,1,0,207,"","MM909_26"
"624","HALLMARK_HYPOXIA",1,1,0,206,"","MM909_26"
"625","HALLMARK_IL6_JAK_STAT3_SIGNALING",1,1,0,102,"","MM909_26"
"626","HALLMARK_INFLAMMATORY_RESPONSE",1,1,0,217,"","MM909_26"
"627","HALLMARK_INTERFERON_ALPHA_RESPONSE",1,1,0,131,"","MM909_26"
"628","HALLMARK_INTERFERON_GAMMA_RESPONSE",1,1,0,273,"","MM909_26"
"629","HALLMARK_KRAS_SIGNALING_UP",1,1,0,212,"","MM909_26"
"630","HALLMARK_MITOTIC_SPINDLE",1,1,0,197,"","MM909_26"
"631","HALLMARK_MTORC1_SIGNALING",1,1,0,199,"","MM909_26"
"632","HALLMARK_MYC_TARGETS_V1",1,1,0,211,"","MM909_26"
"633","HALLMARK_MYC_TARGETS_V2",1,1,0,58,"","MM909_26"
"634","HALLMARK_MYOGENESIS",1,1,0,200,"","MM909_26"
"635","HALLMARK_NOTCH_SIGNALING",1,1,0,32,"","MM909_26"
"636","HALLMARK_OXIDATIVE_PHOSPHORYLATION",1,1,0,202,"","MM909_26"
"637","HALLMARK_P53_PATHWAY",1,1,0,212,"","MM909_26"
"638","HALLMARK_PANCREAS_BETA_CELLS",1,1,0,41,"","MM909_26"
"639","HALLMARK_PEROXISOME",1,1,0,104,"","MM909_26"
"640","HALLMARK_PI3K_AKT_MTOR_SIGNALING",1,1,0,110,"","MM909_26"
"641","HALLMARK_PROTEIN_SECRETION",1,1,0,98,"","MM909_26"
"642","HALLMARK_REACTIVE_OXYGEN_SPECIES_PATHWAY",1,1,0,51,"","MM909_26"
"643","HALLMARK_SPERMATOGENESIS",1,1,0,139,"","MM909_26"
"644","HALLMARK_TGF_BETA_SIGNALING",1,1,0,55,"","MM909_26"
"645","HALLMARK_TNFA_SIGNALING_VIA_NFKB",1,1,0,218,"","MM909_26"
"646","HALLMARK_UNFOLDED_PROTEIN_RESPONSE",1,1,0,113,"","MM909_26"
"647","HALLMARK_UV_RESPONSE_DN",1,1,0,144,"","MM909_26"
"648","HALLMARK_UV_RESPONSE_UP",1,1,0,183,"","MM909_26"
"649","HALLMARK_WNT_BETA_CATENIN_SIGNALING",1,1,0,48,"","MM909_26"
"650","HALLMARK_XENOBIOTIC_METABOLISM",1,1,0,215,"","MM909_26"
"651","HALLMARK_NOTCH_SIGNALING",0.000499204392998776,0.0249602196499388,1,32,"ENSG00000135144","MM909_27"
"652","HALLMARK_ADIPOGENESIS",1,1,0,201,"","MM909_27"
"653","HALLMARK_ALLOGRAFT_REJECTION",1,1,0,294,"","MM909_27"
"654","HALLMARK_ANDROGEN_RESPONSE",1,1,0,100,"","MM909_27"
"655","HALLMARK_ANGIOGENESIS",1,1,0,36,"","MM909_27"
"656","HALLMARK_APICAL_JUNCTION",1,1,0,220,"","MM909_27"
"657","HALLMARK_APICAL_SURFACE",1,1,0,44,"","MM909_27"
"658","HALLMARK_APOPTOSIS",1,1,0,180,"","MM909_27"
"659","HALLMARK_BILE_ACID_METABOLISM",1,1,0,112,"","MM909_27"
"660","HALLMARK_CHOLESTEROL_HOMEOSTASIS",1,1,0,74,"","MM909_27"
"661","HALLMARK_COAGULATION",1,1,0,151,"","MM909_27"
"662","HALLMARK_COMPLEMENT",1,1,0,230,"","MM909_27"
"663","HALLMARK_DNA_REPAIR",1,1,0,161,"","MM909_27"
"664","HALLMARK_E2F_TARGETS",1,1,0,213,"","MM909_27"
"665","HALLMARK_EPITHELIAL_MESENCHYMAL_TRANSITION",1,1,0,199,"","MM909_27"
"666","HALLMARK_ESTROGEN_RESPONSE_EARLY",1,1,0,207,"","MM909_27"
"667","HALLMARK_ESTROGEN_RESPONSE_LATE",1,1,0,207,"","MM909_27"
"668","HALLMARK_FATTY_ACID_METABOLISM",1,1,0,159,"","MM909_27"
"669","HALLMARK_G2M_CHECKPOINT",1,1,0,199,"","MM909_27"
"670","HALLMARK_GLYCOLYSIS",1,1,0,206,"","MM909_27"
"671","HALLMARK_HEDGEHOG_SIGNALING",1,1,0,36,"","MM909_27"
"672","HALLMARK_HEME_METABOLISM",1,1,0,207,"","MM909_27"
"673","HALLMARK_HYPOXIA",1,1,0,206,"","MM909_27"
"674","HALLMARK_IL2_STAT5_SIGNALING",1,1,0,211,"","MM909_27"
"675","HALLMARK_IL6_JAK_STAT3_SIGNALING",1,1,0,102,"","MM909_27"
"676","HALLMARK_INFLAMMATORY_RESPONSE",1,1,0,217,"","MM909_27"
"677","HALLMARK_INTERFERON_ALPHA_RESPONSE",1,1,0,131,"","MM909_27"
"678","HALLMARK_INTERFERON_GAMMA_RESPONSE",1,1,0,273,"","MM909_27"
"679","HALLMARK_KRAS_SIGNALING_DN",1,1,0,208,"","MM909_27"
"680","HALLMARK_KRAS_SIGNALING_UP",1,1,0,212,"","MM909_27"
"681","HALLMARK_MITOTIC_SPINDLE",1,1,0,197,"","MM909_27"
"682","HALLMARK_MTORC1_SIGNALING",1,1,0,199,"","MM909_27"
"683","HALLMARK_MYC_TARGETS_V1",1,1,0,211,"","MM909_27"
"684","HALLMARK_MYC_TARGETS_V2",1,1,0,58,"","MM909_27"
"685","HALLMARK_MYOGENESIS",1,1,0,200,"","MM909_27"
"686","HALLMARK_OXIDATIVE_PHOSPHORYLATION",1,1,0,202,"","MM909_27"
"687","HALLMARK_P53_PATHWAY",1,1,0,212,"","MM909_27"
"688","HALLMARK_PANCREAS_BETA_CELLS",1,1,0,41,"","MM909_27"
"689","HALLMARK_PEROXISOME",1,1,0,104,"","MM909_27"
"690","HALLMARK_PI3K_AKT_MTOR_SIGNALING",1,1,0,110,"","MM909_27"
"691","HALLMARK_PROTEIN_SECRETION",1,1,0,98,"","MM909_27"
"692","HALLMARK_REACTIVE_OXYGEN_SPECIES_PATHWAY",1,1,0,51,"","MM909_27"
"693","HALLMARK_SPERMATOGENESIS",1,1,0,139,"","MM909_27"
"694","HALLMARK_TGF_BETA_SIGNALING",1,1,0,55,"","MM909_27"
"695","HALLMARK_TNFA_SIGNALING_VIA_NFKB",1,1,0,218,"","MM909_27"
"696","HALLMARK_UNFOLDED_PROTEIN_RESPONSE",1,1,0,113,"","MM909_27"
"697","HALLMARK_UV_RESPONSE_DN",1,1,0,144,"","MM909_27"
"698","HALLMARK_UV_RESPONSE_UP",1,1,0,183,"","MM909_27"
"699","HALLMARK_WNT_BETA_CATENIN_SIGNALING",1,1,0,48,"","MM909_27"
"700","HALLMARK_XENOBIOTIC_METABOLISM",1,1,0,215,"","MM909_27"
"701","HALLMARK_INTERFERON_ALPHA_RESPONSE",0.0101767276603897,0.281490153872281,1,131,"ENSG00000132256","MM909_31"
"702","HALLMARK_P53_PATHWAY",0.0164276381783671,0.281490153872281,1,212,"ENSG00000116514","MM909_31"
"703","HALLMARK_TNFA_SIGNALING_VIA_NFKB",0.0168894092323368,0.281490153872281,1,218,"ENSG00000116514","MM909_31"
"704","HALLMARK_ADIPOGENESIS",1,1,0,201,"","MM909_31"
"705","HALLMARK_ALLOGRAFT_REJECTION",1,1,0,294,"","MM909_31"
"706","HALLMARK_ANDROGEN_RESPONSE",1,1,0,100,"","MM909_31"
"707","HALLMARK_ANGIOGENESIS",1,1,0,36,"","MM909_31"
"708","HALLMARK_APICAL_JUNCTION",1,1,0,220,"","MM909_31"
"709","HALLMARK_APICAL_SURFACE",1,1,0,44,"","MM909_31"
"710","HALLMARK_APOPTOSIS",1,1,0,180,"","MM909_31"
"711","HALLMARK_BILE_ACID_METABOLISM",1,1,0,112,"","MM909_31"
"712","HALLMARK_CHOLESTEROL_HOMEOSTASIS",1,1,0,74,"","MM909_31"
"713","HALLMARK_COAGULATION",1,1,0,151,"","MM909_31"
"714","HALLMARK_COMPLEMENT",1,1,0,230,"","MM909_31"
"715","HALLMARK_DNA_REPAIR",1,1,0,161,"","MM909_31"
"716","HALLMARK_E2F_TARGETS",1,1,0,213,"","MM909_31"
"717","HALLMARK_EPITHELIAL_MESENCHYMAL_TRANSITION",1,1,0,199,"","MM909_31"
"718","HALLMARK_ESTROGEN_RESPONSE_EARLY",1,1,0,207,"","MM909_31"
"719","HALLMARK_ESTROGEN_RESPONSE_LATE",1,1,0,207,"","MM909_31"
"720","HALLMARK_FATTY_ACID_METABOLISM",1,1,0,159,"","MM909_31"
"721","HALLMARK_G2M_CHECKPOINT",1,1,0,199,"","MM909_31"
"722","HALLMARK_GLYCOLYSIS",1,1,0,206,"","MM909_31"
"723","HALLMARK_HEDGEHOG_SIGNALING",1,1,0,36,"","MM909_31"
"724","HALLMARK_HEME_METABOLISM",1,1,0,207,"","MM909_31"
"725","HALLMARK_HYPOXIA",1,1,0,206,"","MM909_31"
"726","HALLMARK_IL2_STAT5_SIGNALING",1,1,0,211,"","MM909_31"
"727","HALLMARK_IL6_JAK_STAT3_SIGNALING",1,1,0,102,"","MM909_31"
"728","HALLMARK_INFLAMMATORY_RESPONSE",1,1,0,217,"","MM909_31"
"729","HALLMARK_INTERFERON_GAMMA_RESPONSE",1,1,0,273,"","MM909_31"
"730","HALLMARK_KRAS_SIGNALING_DN",1,1,0,208,"","MM909_31"
"731","HALLMARK_KRAS_SIGNALING_UP",1,1,0,212,"","MM909_31"
"732","HALLMARK_MITOTIC_SPINDLE",1,1,0,197,"","MM909_31"
"733","HALLMARK_MTORC1_SIGNALING",1,1,0,199,"","MM909_31"
"734","HALLMARK_MYC_TARGETS_V1",1,1,0,211,"","MM909_31"
"735","HALLMARK_MYC_TARGETS_V2",1,1,0,58,"","MM909_31"
"736","HALLMARK_MYOGENESIS",1,1,0,200,"","MM909_31"
"737","HALLMARK_NOTCH_SIGNALING",1,1,0,32,"","MM909_31"
"738","HALLMARK_OXIDATIVE_PHOSPHORYLATION",1,1,0,202,"","MM909_31"
"739","HALLMARK_PANCREAS_BETA_CELLS",1,1,0,41,"","MM909_31"
"740","HALLMARK_PEROXISOME",1,1,0,104,"","MM909_31"
"741","HALLMARK_PI3K_AKT_MTOR_SIGNALING",1,1,0,110,"","MM909_31"
"742","HALLMARK_PROTEIN_SECRETION",1,1,0,98,"","MM909_31"
"743","HALLMARK_REACTIVE_OXYGEN_SPECIES_PATHWAY",1,1,0,51,"","MM909_31"
"744","HALLMARK_SPERMATOGENESIS",1,1,0,139,"","MM909_31"
"745","HALLMARK_TGF_BETA_SIGNALING",1,1,0,55,"","MM909_31"
"746","HALLMARK_UNFOLDED_PROTEIN_RESPONSE",1,1,0,113,"","MM909_31"
"747","HALLMARK_UV_RESPONSE_DN",1,1,0,144,"","MM909_31"
"748","HALLMARK_UV_RESPONSE_UP",1,1,0,183,"","MM909_31"
"749","HALLMARK_WNT_BETA_CATENIN_SIGNALING",1,1,0,48,"","MM909_31"
"750","HALLMARK_XENOBIOTIC_METABOLISM",1,1,0,215,"","MM909_31"
"751","HALLMARK_ADIPOGENESIS",1,1,0,201,"","MM909_34"
"752","HALLMARK_ALLOGRAFT_REJECTION",1,1,0,294,"","MM909_34"
"753","HALLMARK_ANDROGEN_RESPONSE",1,1,0,100,"","MM909_34"
"754","HALLMARK_ANGIOGENESIS",1,1,0,36,"","MM909_34"
"755","HALLMARK_APICAL_JUNCTION",1,1,0,220,"","MM909_34"
"756","HALLMARK_APICAL_SURFACE",1,1,0,44,"","MM909_34"
"757","HALLMARK_APOPTOSIS",1,1,0,180,"","MM909_34"
"758","HALLMARK_BILE_ACID_METABOLISM",1,1,0,112,"","MM909_34"
"759","HALLMARK_CHOLESTEROL_HOMEOSTASIS",1,1,0,74,"","MM909_34"
"760","HALLMARK_COAGULATION",1,1,0,151,"","MM909_34"
"761","HALLMARK_COMPLEMENT",1,1,0,230,"","MM909_34"
"762","HALLMARK_DNA_REPAIR",1,1,0,161,"","MM909_34"
"763","HALLMARK_E2F_TARGETS",1,1,0,213,"","MM909_34"
"764","HALLMARK_EPITHELIAL_MESENCHYMAL_TRANSITION",1,1,0,199,"","MM909_34"
"765","HALLMARK_ESTROGEN_RESPONSE_EARLY",1,1,0,207,"","MM909_34"
"766","HALLMARK_ESTROGEN_RESPONSE_LATE",1,1,0,207,"","MM909_34"
"767","HALLMARK_FATTY_ACID_METABOLISM",1,1,0,159,"","MM909_34"
"768","HALLMARK_G2M_CHECKPOINT",1,1,0,199,"","MM909_34"
"769","HALLMARK_GLYCOLYSIS",1,1,0,206,"","MM909_34"
"770","HALLMARK_HEDGEHOG_SIGNALING",1,1,0,36,"","MM909_34"
"771","HALLMARK_HEME_METABOLISM",1,1,0,207,"","MM909_34"
"772","HALLMARK_HYPOXIA",1,1,0,206,"","MM909_34"
"773","HALLMARK_IL2_STAT5_SIGNALING",1,1,0,211,"","MM909_34"
"774","HALLMARK_IL6_JAK_STAT3_SIGNALING",1,1,0,102,"","MM909_34"
"775","HALLMARK_INFLAMMATORY_RESPONSE",1,1,0,217,"","MM909_34"
"776","HALLMARK_INTERFERON_ALPHA_RESPONSE",1,1,0,131,"","MM909_34"
"777","HALLMARK_INTERFERON_GAMMA_RESPONSE",1,1,0,273,"","MM909_34"
"778","HALLMARK_KRAS_SIGNALING_DN",1,1,0,208,"","MM909_34"
"779","HALLMARK_KRAS_SIGNALING_UP",1,1,0,212,"","MM909_34"
"780","HALLMARK_MITOTIC_SPINDLE",1,1,0,197,"","MM909_34"
"781","HALLMARK_MTORC1_SIGNALING",1,1,0,199,"","MM909_34"
"782","HALLMARK_MYC_TARGETS_V1",1,1,0,211,"","MM909_34"
"783","HALLMARK_MYC_TARGETS_V2",1,1,0,58,"","MM909_34"
"784","HALLMARK_MYOGENESIS",1,1,0,200,"","MM909_34"
"785","HALLMARK_NOTCH_SIGNALING",1,1,0,32,"","MM909_34"
"786","HALLMARK_OXIDATIVE_PHOSPHORYLATION",1,1,0,202,"","MM909_34"
"787","HALLMARK_P53_PATHWAY",1,1,0,212,"","MM909_34"
"788","HALLMARK_PANCREAS_BETA_CELLS",1,1,0,41,"","MM909_34"
"789","HALLMARK_PEROXISOME",1,1,0,104,"","MM909_34"
"790","HALLMARK_PI3K_AKT_MTOR_SIGNALING",1,1,0,110,"","MM909_34"
"791","HALLMARK_PROTEIN_SECRETION",1,1,0,98,"","MM909_34"
"792","HALLMARK_REACTIVE_OXYGEN_SPECIES_PATHWAY",1,1,0,51,"","MM909_34"
"793","HALLMARK_SPERMATOGENESIS",1,1,0,139,"","MM909_34"
"794","HALLMARK_TGF_BETA_SIGNALING",1,1,0,55,"","MM909_34"
"795","HALLMARK_TNFA_SIGNALING_VIA_NFKB",1,1,0,218,"","MM909_34"
"796","HALLMARK_UNFOLDED_PROTEIN_RESPONSE",1,1,0,113,"","MM909_34"
"797","HALLMARK_UV_RESPONSE_DN",1,1,0,144,"","MM909_34"
"798","HALLMARK_UV_RESPONSE_UP",1,1,0,183,"","MM909_34"
"799","HALLMARK_WNT_BETA_CATENIN_SIGNALING",1,1,0,48,"","MM909_34"
"800","HALLMARK_XENOBIOTIC_METABOLISM",1,1,0,215,"","MM909_34"
"801","HALLMARK_ADIPOGENESIS",1,1,0,201,"","MM909_35"
"802","HALLMARK_ALLOGRAFT_REJECTION",1,1,0,294,"","MM909_35"
"803","HALLMARK_ANDROGEN_RESPONSE",1,1,0,100,"","MM909_35"
"804","HALLMARK_ANGIOGENESIS",1,1,0,36,"","MM909_35"
"805","HALLMARK_APICAL_JUNCTION",1,1,0,220,"","MM909_35"
"806","HALLMARK_APICAL_SURFACE",1,1,0,44,"","MM909_35"
"807","HALLMARK_APOPTOSIS",1,1,0,180,"","MM909_35"
"808","HALLMARK_BILE_ACID_METABOLISM",1,1,0,112,"","MM909_35"
"809","HALLMARK_CHOLESTEROL_HOMEOSTASIS",1,1,0,74,"","MM909_35"
"810","HALLMARK_COAGULATION",1,1,0,151,"","MM909_35"
"811","HALLMARK_COMPLEMENT",1,1,0,230,"","MM909_35"
"812","HALLMARK_DNA_REPAIR",1,1,0,161,"","MM909_35"
"813","HALLMARK_E2F_TARGETS",1,1,0,213,"","MM909_35"
"814","HALLMARK_EPITHELIAL_MESENCHYMAL_TRANSITION",1,1,0,199,"","MM909_35"
"815","HALLMARK_ESTROGEN_RESPONSE_EARLY",1,1,0,207,"","MM909_35"
"816","HALLMARK_ESTROGEN_RESPONSE_LATE",1,1,0,207,"","MM909_35"
"817","HALLMARK_FATTY_ACID_METABOLISM",1,1,0,159,"","MM909_35"
"818","HALLMARK_G2M_CHECKPOINT",1,1,0,199,"","MM909_35"
"819","HALLMARK_GLYCOLYSIS",1,1,0,206,"","MM909_35"
"820","HALLMARK_HEDGEHOG_SIGNALING",1,1,0,36,"","MM909_35"
"821","HALLMARK_HEME_METABOLISM",1,1,0,207,"","MM909_35"
"822","HALLMARK_HYPOXIA",1,1,0,206,"","MM909_35"
"823","HALLMARK_IL2_STAT5_SIGNALING",1,1,0,211,"","MM909_35"
"824","HALLMARK_IL6_JAK_STAT3_SIGNALING",1,1,0,102,"","MM909_35"
"825","HALLMARK_INFLAMMATORY_RESPONSE",1,1,0,217,"","MM909_35"
"826","HALLMARK_INTERFERON_ALPHA_RESPONSE",1,1,0,131,"","MM909_35"
"827","HALLMARK_INTERFERON_GAMMA_RESPONSE",1,1,0,273,"","MM909_35"
"828","HALLMARK_KRAS_SIGNALING_DN",1,1,0,208,"","MM909_35"
"829","HALLMARK_KRAS_SIGNALING_UP",1,1,0,212,"","MM909_35"
"830","HALLMARK_MITOTIC_SPINDLE",1,1,0,197,"","MM909_35"
"831","HALLMARK_MTORC1_SIGNALING",1,1,0,199,"","MM909_35"
"832","HALLMARK_MYC_TARGETS_V1",1,1,0,211,"","MM909_35"
"833","HALLMARK_MYC_TARGETS_V2",1,1,0,58,"","MM909_35"
"834","HALLMARK_MYOGENESIS",1,1,0,200,"","MM909_35"
"835","HALLMARK_NOTCH_SIGNALING",1,1,0,32,"","MM909_35"
"836","HALLMARK_OXIDATIVE_PHOSPHORYLATION",1,1,0,202,"","MM909_35"
"837","HALLMARK_P53_PATHWAY",1,1,0,212,"","MM909_35"
"838","HALLMARK_PANCREAS_BETA_CELLS",1,1,0,41,"","MM909_35"
"839","HALLMARK_PEROXISOME",1,1,0,104,"","MM909_35"
"840","HALLMARK_PI3K_AKT_MTOR_SIGNALING",1,1,0,110,"","MM909_35"
"841","HALLMARK_PROTEIN_SECRETION",1,1,0,98,"","MM909_35"
"842","HALLMARK_REACTIVE_OXYGEN_SPECIES_PATHWAY",1,1,0,51,"","MM909_35"
"843","HALLMARK_SPERMATOGENESIS",1,1,0,139,"","MM909_35"
"844","HALLMARK_TGF_BETA_SIGNALING",1,1,0,55,"","MM909_35"
"845","HALLMARK_TNFA_SIGNALING_VIA_NFKB",1,1,0,218,"","MM909_35"
"846","HALLMARK_UNFOLDED_PROTEIN_RESPONSE",1,1,0,113,"","MM909_35"
"847","HALLMARK_UV_RESPONSE_DN",1,1,0,144,"","MM909_35"
"848","HALLMARK_UV_RESPONSE_UP",1,1,0,183,"","MM909_35"
"849","HALLMARK_WNT_BETA_CATENIN_SIGNALING",1,1,0,48,"","MM909_35"
"850","HALLMARK_XENOBIOTIC_METABOLISM",1,1,0,215,"","MM909_35"
"851","HALLMARK_ADIPOGENESIS",1,1,0,201,"","MM909_36"
"852","HALLMARK_ALLOGRAFT_REJECTION",1,1,0,294,"","MM909_36"
"853","HALLMARK_ANDROGEN_RESPONSE",1,1,0,100,"","MM909_36"
"854","HALLMARK_ANGIOGENESIS",1,1,0,36,"","MM909_36"
"855","HALLMARK_APICAL_JUNCTION",1,1,0,220,"","MM909_36"
"856","HALLMARK_APICAL_SURFACE",1,1,0,44,"","MM909_36"
"857","HALLMARK_APOPTOSIS",1,1,0,180,"","MM909_36"
"858","HALLMARK_BILE_ACID_METABOLISM",1,1,0,112,"","MM909_36"
"859","HALLMARK_CHOLESTEROL_HOMEOSTASIS",1,1,0,74,"","MM909_36"
"860","HALLMARK_COAGULATION",1,1,0,151,"","MM909_36"
"861","HALLMARK_COMPLEMENT",1,1,0,230,"","MM909_36"
"862","HALLMARK_DNA_REPAIR",1,1,0,161,"","MM909_36"
"863","HALLMARK_E2F_TARGETS",1,1,0,213,"","MM909_36"
"864","HALLMARK_EPITHELIAL_MESENCHYMAL_TRANSITION",1,1,0,199,"","MM909_36"
"865","HALLMARK_ESTROGEN_RESPONSE_EARLY",1,1,0,207,"","MM909_36"
"866","HALLMARK_ESTROGEN_RESPONSE_LATE",1,1,0,207,"","MM909_36"
"867","HALLMARK_FATTY_ACID_METABOLISM",1,1,0,159,"","MM909_36"
"868","HALLMARK_G2M_CHECKPOINT",1,1,0,199,"","MM909_36"
"869","HALLMARK_GLYCOLYSIS",1,1,0,206,"","MM909_36"
"870","HALLMARK_HEDGEHOG_SIGNALING",1,1,0,36,"","MM909_36"
"871","HALLMARK_HEME_METABOLISM",1,1,0,207,"","MM909_36"
"872","HALLMARK_HYPOXIA",1,1,0,206,"","MM909_36"
"873","HALLMARK_IL2_STAT5_SIGNALING",1,1,0,211,"","MM909_36"
"874","HALLMARK_IL6_JAK_STAT3_SIGNALING",1,1,0,102,"","MM909_36"
"875","HALLMARK_INFLAMMATORY_RESPONSE",1,1,0,217,"","MM909_36"
"876","HALLMARK_INTERFERON_ALPHA_RESPONSE",1,1,0,131,"","MM909_36"
"877","HALLMARK_INTERFERON_GAMMA_RESPONSE",1,1,0,273,"","MM909_36"
"878","HALLMARK_KRAS_SIGNALING_DN",1,1,0,208,"","MM909_36"
"879","HALLMARK_KRAS_SIGNALING_UP",1,1,0,212,"","MM909_36"
"880","HALLMARK_MITOTIC_SPINDLE",1,1,0,197,"","MM909_36"
"881","HALLMARK_MTORC1_SIGNALING",1,1,0,199,"","MM909_36"
"882","HALLMARK_MYC_TARGETS_V1",1,1,0,211,"","MM909_36"
"883","HALLMARK_MYC_TARGETS_V2",1,1,0,58,"","MM909_36"
"884","HALLMARK_MYOGENESIS",1,1,0,200,"","MM909_36"
"885","HALLMARK_NOTCH_SIGNALING",1,1,0,32,"","MM909_36"
"886","HALLMARK_OXIDATIVE_PHOSPHORYLATION",1,1,0,202,"","MM909_36"
"887","HALLMARK_P53_PATHWAY",1,1,0,212,"","MM909_36"
"888","HALLMARK_PANCREAS_BETA_CELLS",1,1,0,41,"","MM909_36"
"889","HALLMARK_PEROXISOME",1,1,0,104,"","MM909_36"
"890","HALLMARK_PI3K_AKT_MTOR_SIGNALING",1,1,0,110,"","MM909_36"
"891","HALLMARK_PROTEIN_SECRETION",1,1,0,98,"","MM909_36"
"892","HALLMARK_REACTIVE_OXYGEN_SPECIES_PATHWAY",1,1,0,51,"","MM909_36"
"893","HALLMARK_SPERMATOGENESIS",1,1,0,139,"","MM909_36"
"894","HALLMARK_TGF_BETA_SIGNALING",1,1,0,55,"","MM909_36"
"895","HALLMARK_TNFA_SIGNALING_VIA_NFKB",1,1,0,218,"","MM909_36"
"896","HALLMARK_UNFOLDED_PROTEIN_RESPONSE",1,1,0,113,"","MM909_36"
"897","HALLMARK_UV_RESPONSE_DN",1,1,0,144,"","MM909_36"
"898","HALLMARK_UV_RESPONSE_UP",1,1,0,183,"","MM909_36"
"899","HALLMARK_WNT_BETA_CATENIN_SIGNALING",1,1,0,48,"","MM909_36"
"900","HALLMARK_XENOBIOTIC_METABOLISM",1,1,0,215,"","MM909_36"
"901","HALLMARK_ADIPOGENESIS",1,1,0,201,"","MM909_37"
"902","HALLMARK_ALLOGRAFT_REJECTION",1,1,0,294,"","MM909_37"
"903","HALLMARK_ANDROGEN_RESPONSE",1,1,0,100,"","MM909_37"
"904","HALLMARK_ANGIOGENESIS",1,1,0,36,"","MM909_37"
"905","HALLMARK_APICAL_JUNCTION",1,1,0,220,"","MM909_37"
"906","HALLMARK_APICAL_SURFACE",1,1,0,44,"","MM909_37"
"907","HALLMARK_APOPTOSIS",1,1,0,180,"","MM909_37"
"908","HALLMARK_BILE_ACID_METABOLISM",1,1,0,112,"","MM909_37"
"909","HALLMARK_CHOLESTEROL_HOMEOSTASIS",1,1,0,74,"","MM909_37"
"910","HALLMARK_COAGULATION",1,1,0,151,"","MM909_37"
"911","HALLMARK_COMPLEMENT",1,1,0,230,"","MM909_37"
"912","HALLMARK_DNA_REPAIR",1,1,0,161,"","MM909_37"
"913","HALLMARK_E2F_TARGETS",1,1,0,213,"","MM909_37"
"914","HALLMARK_EPITHELIAL_MESENCHYMAL_TRANSITION",1,1,0,199,"","MM909_37"
"915","HALLMARK_ESTROGEN_RESPONSE_EARLY",1,1,0,207,"","MM909_37"
"916","HALLMARK_ESTROGEN_RESPONSE_LATE",1,1,0,207,"","MM909_37"
"917","HALLMARK_FATTY_ACID_METABOLISM",1,1,0,159,"","MM909_37"
"918","HALLMARK_G2M_CHECKPOINT",1,1,0,199,"","MM909_37"
"919","HALLMARK_GLYCOLYSIS",1,1,0,206,"","MM909_37"
"920","HALLMARK_HEDGEHOG_SIGNALING",1,1,0,36,"","MM909_37"
"921","HALLMARK_HEME_METABOLISM",1,1,0,207,"","MM909_37"
"922","HALLMARK_HYPOXIA",1,1,0,206,"","MM909_37"
"923","HALLMARK_IL2_STAT5_SIGNALING",1,1,0,211,"","MM909_37"
"924","HALLMARK_IL6_JAK_STAT3_SIGNALING",1,1,0,102,"","MM909_37"
"925","HALLMARK_INFLAMMATORY_RESPONSE",1,1,0,217,"","MM909_37"
"926","HALLMARK_INTERFERON_ALPHA_RESPONSE",1,1,0,131,"","MM909_37"
"927","HALLMARK_INTERFERON_GAMMA_RESPONSE",1,1,0,273,"","MM909_37"
"928","HALLMARK_KRAS_SIGNALING_DN",1,1,0,208,"","MM909_37"
"929","HALLMARK_KRAS_SIGNALING_UP",1,1,0,212,"","MM909_37"
"930","HALLMARK_MITOTIC_SPINDLE",1,1,0,197,"","MM909_37"
"931","HALLMARK_MTORC1_SIGNALING",1,1,0,199,"","MM909_37"
"932","HALLMARK_MYC_TARGETS_V1",1,1,0,211,"","MM909_37"
"933","HALLMARK_MYC_TARGETS_V2",1,1,0,58,"","MM909_37"
"934","HALLMARK_MYOGENESIS",1,1,0,200,"","MM909_37"
"935","HALLMARK_NOTCH_SIGNALING",1,1,0,32,"","MM909_37"
"936","HALLMARK_OXIDATIVE_PHOSPHORYLATION",1,1,0,202,"","MM909_37"
"937","HALLMARK_P53_PATHWAY",1,1,0,212,"","MM909_37"
"938","HALLMARK_PANCREAS_BETA_CELLS",1,1,0,41,"","MM909_37"
"939","HALLMARK_PEROXISOME",1,1,0,104,"","MM909_37"
"940","HALLMARK_PI3K_AKT_MTOR_SIGNALING",1,1,0,110,"","MM909_37"
"941","HALLMARK_PROTEIN_SECRETION",1,1,0,98,"","MM909_37"
"942","HALLMARK_REACTIVE_OXYGEN_SPECIES_PATHWAY",1,1,0,51,"","MM909_37"
"943","HALLMARK_SPERMATOGENESIS",1,1,0,139,"","MM909_37"
"944","HALLMARK_TGF_BETA_SIGNALING",1,1,0,55,"","MM909_37"
"945","HALLMARK_TNFA_SIGNALING_VIA_NFKB",1,1,0,218,"","MM909_37"
"946","HALLMARK_UNFOLDED_PROTEIN_RESPONSE",1,1,0,113,"","MM909_37"
"947","HALLMARK_UV_RESPONSE_DN",1,1,0,144,"","MM909_37"
"948","HALLMARK_UV_RESPONSE_UP",1,1,0,183,"","MM909_37"
"949","HALLMARK_WNT_BETA_CATENIN_SIGNALING",1,1,0,48,"","MM909_37"
"950","HALLMARK_XENOBIOTIC_METABOLISM",1,1,0,215,"","MM909_37"
"951","HALLMARK_INTERFERON_ALPHA_RESPONSE",0.0202506721221664,0.397865602574626,1,131,"ENSG00000132256","MM909_40"
"952","HALLMARK_ESTROGEN_RESPONSE_EARLY",0.0318292482059701,0.397865602574626,1,207,"ENSG00000159461","MM909_40"
"953","HALLMARK_ESTROGEN_RESPONSE_LATE",0.0318292482059701,0.397865602574626,1,207,"ENSG00000159461","MM909_40"
"954","HALLMARK_HEME_METABOLISM",0.0318292482059701,0.397865602574626,1,207,"ENSG00000164068","MM909_40"
"955","HALLMARK_ADIPOGENESIS",1,1,0,201,"","MM909_40"
"956","HALLMARK_ALLOGRAFT_REJECTION",1,1,0,294,"","MM909_40"
"957","HALLMARK_ANDROGEN_RESPONSE",1,1,0,100,"","MM909_40"
"958","HALLMARK_ANGIOGENESIS",1,1,0,36,"","MM909_40"
"959","HALLMARK_APICAL_JUNCTION",1,1,0,220,"","MM909_40"
"960","HALLMARK_APICAL_SURFACE",1,1,0,44,"","MM909_40"
"961","HALLMARK_APOPTOSIS",1,1,0,180,"","MM909_40"
"962","HALLMARK_BILE_ACID_METABOLISM",1,1,0,112,"","MM909_40"
"963","HALLMARK_CHOLESTEROL_HOMEOSTASIS",1,1,0,74,"","MM909_40"
"964","HALLMARK_COAGULATION",1,1,0,151,"","MM909_40"
"965","HALLMARK_COMPLEMENT",1,1,0,230,"","MM909_40"
"966","HALLMARK_DNA_REPAIR",1,1,0,161,"","MM909_40"
"967","HALLMARK_E2F_TARGETS",1,1,0,213,"","MM909_40"
"968","HALLMARK_EPITHELIAL_MESENCHYMAL_TRANSITION",1,1,0,199,"","MM909_40"
"969","HALLMARK_FATTY_ACID_METABOLISM",1,1,0,159,"","MM909_40"
"970","HALLMARK_G2M_CHECKPOINT",1,1,0,199,"","MM909_40"
"971","HALLMARK_GLYCOLYSIS",1,1,0,206,"","MM909_40"
"972","HALLMARK_HEDGEHOG_SIGNALING",1,1,0,36,"","MM909_40"
"973","HALLMARK_HYPOXIA",1,1,0,206,"","MM909_40"
"974","HALLMARK_IL2_STAT5_SIGNALING",1,1,0,211,"","MM909_40"
"975","HALLMARK_IL6_JAK_STAT3_SIGNALING",1,1,0,102,"","MM909_40"
"976","HALLMARK_INFLAMMATORY_RESPONSE",1,1,0,217,"","MM909_40"
"977","HALLMARK_INTERFERON_GAMMA_RESPONSE",1,1,0,273,"","MM909_40"
"978","HALLMARK_KRAS_SIGNALING_DN",1,1,0,208,"","MM909_40"
"979","HALLMARK_KRAS_SIGNALING_UP",1,1,0,212,"","MM909_40"
"980","HALLMARK_MITOTIC_SPINDLE",1,1,0,197,"","MM909_40"
"981","HALLMARK_MTORC1_SIGNALING",1,1,0,199,"","MM909_40"
"982","HALLMARK_MYC_TARGETS_V1",1,1,0,211,"","MM909_40"
"983","HALLMARK_MYC_TARGETS_V2",1,1,0,58,"","MM909_40"
"984","HALLMARK_MYOGENESIS",1,1,0,200,"","MM909_40"
"985","HALLMARK_NOTCH_SIGNALING",1,1,0,32,"","MM909_40"
"986","HALLMARK_OXIDATIVE_PHOSPHORYLATION",1,1,0,202,"","MM909_40"
"987","HALLMARK_P53_PATHWAY",1,1,0,212,"","MM909_40"
"988","HALLMARK_PANCREAS_BETA_CELLS",1,1,0,41,"","MM909_40"
"989","HALLMARK_PEROXISOME",1,1,0,104,"","MM909_40"
"990","HALLMARK_PI3K_AKT_MTOR_SIGNALING",1,1,0,110,"","MM909_40"
"991","HALLMARK_PROTEIN_SECRETION",1,1,0,98,"","MM909_40"
"992","HALLMARK_REACTIVE_OXYGEN_SPECIES_PATHWAY",1,1,0,51,"","MM909_40"
"993","HALLMARK_SPERMATOGENESIS",1,1,0,139,"","MM909_40"
"994","HALLMARK_TGF_BETA_SIGNALING",1,1,0,55,"","MM909_40"
"995","HALLMARK_TNFA_SIGNALING_VIA_NFKB",1,1,0,218,"","MM909_40"
"996","HALLMARK_UNFOLDED_PROTEIN_RESPONSE",1,1,0,113,"","MM909_40"
"997","HALLMARK_UV_RESPONSE_DN",1,1,0,144,"","MM909_40"
"998","HALLMARK_UV_RESPONSE_UP",1,1,0,183,"","MM909_40"
"999","HALLMARK_WNT_BETA_CATENIN_SIGNALING",1,1,0,48,"","MM909_40"
"1000","HALLMARK_XENOBIOTIC_METABOLISM",1,1,0,215,"","MM909_40"
"1001","HALLMARK_ADIPOGENESIS",1,1,0,201,"","MM909_42"
"1002","HALLMARK_ALLOGRAFT_REJECTION",1,1,0,294,"","MM909_42"
"1003","HALLMARK_ANDROGEN_RESPONSE",1,1,0,100,"","MM909_42"
"1004","HALLMARK_ANGIOGENESIS",1,1,0,36,"","MM909_42"
"1005","HALLMARK_APICAL_JUNCTION",1,1,0,220,"","MM909_42"
"1006","HALLMARK_APICAL_SURFACE",1,1,0,44,"","MM909_42"
"1007","HALLMARK_APOPTOSIS",1,1,0,180,"","MM909_42"
"1008","HALLMARK_BILE_ACID_METABOLISM",1,1,0,112,"","MM909_42"
"1009","HALLMARK_CHOLESTEROL_HOMEOSTASIS",1,1,0,74,"","MM909_42"
"1010","HALLMARK_COAGULATION",1,1,0,151,"","MM909_42"
"1011","HALLMARK_COMPLEMENT",1,1,0,230,"","MM909_42"
"1012","HALLMARK_DNA_REPAIR",1,1,0,161,"","MM909_42"
"1013","HALLMARK_E2F_TARGETS",1,1,0,213,"","MM909_42"
"1014","HALLMARK_EPITHELIAL_MESENCHYMAL_TRANSITION",1,1,0,199,"","MM909_42"
"1015","HALLMARK_ESTROGEN_RESPONSE_EARLY",1,1,0,207,"","MM909_42"
"1016","HALLMARK_ESTROGEN_RESPONSE_LATE",1,1,0,207,"","MM909_42"
"1017","HALLMARK_FATTY_ACID_METABOLISM",1,1,0,159,"","MM909_42"
"1018","HALLMARK_G2M_CHECKPOINT",1,1,0,199,"","MM909_42"
"1019","HALLMARK_GLYCOLYSIS",1,1,0,206,"","MM909_42"
"1020","HALLMARK_HEDGEHOG_SIGNALING",1,1,0,36,"","MM909_42"
"1021","HALLMARK_HEME_METABOLISM",1,1,0,207,"","MM909_42"
"1022","HALLMARK_HYPOXIA",1,1,0,206,"","MM909_42"
"1023","HALLMARK_IL2_STAT5_SIGNALING",1,1,0,211,"","MM909_42"
"1024","HALLMARK_IL6_JAK_STAT3_SIGNALING",1,1,0,102,"","MM909_42"
"1025","HALLMARK_INFLAMMATORY_RESPONSE",1,1,0,217,"","MM909_42"
"1026","HALLMARK_INTERFERON_ALPHA_RESPONSE",1,1,0,131,"","MM909_42"
"1027","HALLMARK_INTERFERON_GAMMA_RESPONSE",1,1,0,273,"","MM909_42"
"1028","HALLMARK_KRAS_SIGNALING_DN",1,1,0,208,"","MM909_42"
"1029","HALLMARK_KRAS_SIGNALING_UP",1,1,0,212,"","MM909_42"
"1030","HALLMARK_MITOTIC_SPINDLE",1,1,0,197,"","MM909_42"
"1031","HALLMARK_MTORC1_SIGNALING",1,1,0,199,"","MM909_42"
"1032","HALLMARK_MYC_TARGETS_V1",1,1,0,211,"","MM909_42"
"1033","HALLMARK_MYC_TARGETS_V2",1,1,0,58,"","MM909_42"
"1034","HALLMARK_MYOGENESIS",1,1,0,200,"","MM909_42"
"1035","HALLMARK_NOTCH_SIGNALING",1,1,0,32,"","MM909_42"
"1036","HALLMARK_OXIDATIVE_PHOSPHORYLATION",1,1,0,202,"","MM909_42"
"1037","HALLMARK_P53_PATHWAY",1,1,0,212,"","MM909_42"
"1038","HALLMARK_PANCREAS_BETA_CELLS",1,1,0,41,"","MM909_42"
"1039","HALLMARK_PEROXISOME",1,1,0,104,"","MM909_42"
"1040","HALLMARK_PI3K_AKT_MTOR_SIGNALING",1,1,0,110,"","MM909_42"
"1041","HALLMARK_PROTEIN_SECRETION",1,1,0,98,"","MM909_42"
"1042","HALLMARK_REACTIVE_OXYGEN_SPECIES_PATHWAY",1,1,0,51,"","MM909_42"
"1043","HALLMARK_SPERMATOGENESIS",1,1,0,139,"","MM909_42"
"1044","HALLMARK_TGF_BETA_SIGNALING",1,1,0,55,"","MM909_42"
"1045","HALLMARK_TNFA_SIGNALING_VIA_NFKB",1,1,0,218,"","MM909_42"
"1046","HALLMARK_UNFOLDED_PROTEIN_RESPONSE",1,1,0,113,"","MM909_42"
"1047","HALLMARK_UV_RESPONSE_DN",1,1,0,144,"","MM909_42"
"1048","HALLMARK_UV_RESPONSE_UP",1,1,0,183,"","MM909_42"
"1049","HALLMARK_WNT_BETA_CATENIN_SIGNALING",1,1,0,48,"","MM909_42"
"1050","HALLMARK_XENOBIOTIC_METABOLISM",1,1,0,215,"","MM909_42"
"1051","HALLMARK_INTERFERON_GAMMA_RESPONSE",0.000637860829746719,0.0318930414873359,2,273,"ENSG00000173821, ENSG00000121060","MM909_43"
"1052","HALLMARK_INTERFERON_ALPHA_RESPONSE",0.0182440562885144,0.397932983461123,1,131,"ENSG00000121060","MM909_43"
"1053","HALLMARK_P53_PATHWAY",0.0293761349202802,0.397932983461123,1,212,"ENSG00000109670","MM909_43"
"1054","HALLMARK_COMPLEMENT",0.0318346386768898,0.397932983461123,1,230,"ENSG00000114423","MM909_43"
"1055","HALLMARK_ADIPOGENESIS",1,1,0,201,"","MM909_43"
"1056","HALLMARK_ALLOGRAFT_REJECTION",1,1,0,294,"","MM909_43"
"1057","HALLMARK_ANDROGEN_RESPONSE",1,1,0,100,"","MM909_43"
"1058","HALLMARK_ANGIOGENESIS",1,1,0,36,"","MM909_43"
"1059","HALLMARK_APICAL_JUNCTION",1,1,0,220,"","MM909_43"
"1060","HALLMARK_APICAL_SURFACE",1,1,0,44,"","MM909_43"
"1061","HALLMARK_APOPTOSIS",1,1,0,180,"","MM909_43"
"1062","HALLMARK_BILE_ACID_METABOLISM",1,1,0,112,"","MM909_43"
"1063","HALLMARK_CHOLESTEROL_HOMEOSTASIS",1,1,0,74,"","MM909_43"
"1064","HALLMARK_COAGULATION",1,1,0,151,"","MM909_43"
"1065","HALLMARK_DNA_REPAIR",1,1,0,161,"","MM909_43"
"1066","HALLMARK_E2F_TARGETS",1,1,0,213,"","MM909_43"
"1067","HALLMARK_EPITHELIAL_MESENCHYMAL_TRANSITION",1,1,0,199,"","MM909_43"
"1068","HALLMARK_ESTROGEN_RESPONSE_EARLY",1,1,0,207,"","MM909_43"
"1069","HALLMARK_ESTROGEN_RESPONSE_LATE",1,1,0,207,"","MM909_43"
"1070","HALLMARK_FATTY_ACID_METABOLISM",1,1,0,159,"","MM909_43"
"1071","HALLMARK_G2M_CHECKPOINT",1,1,0,199,"","MM909_43"
"1072","HALLMARK_GLYCOLYSIS",1,1,0,206,"","MM909_43"
"1073","HALLMARK_HEDGEHOG_SIGNALING",1,1,0,36,"","MM909_43"
"1074","HALLMARK_HEME_METABOLISM",1,1,0,207,"","MM909_43"
"1075","HALLMARK_HYPOXIA",1,1,0,206,"","MM909_43"
"1076","HALLMARK_IL2_STAT5_SIGNALING",1,1,0,211,"","MM909_43"
"1077","HALLMARK_IL6_JAK_STAT3_SIGNALING",1,1,0,102,"","MM909_43"
"1078","HALLMARK_INFLAMMATORY_RESPONSE",1,1,0,217,"","MM909_43"
"1079","HALLMARK_KRAS_SIGNALING_DN",1,1,0,208,"","MM909_43"
"1080","HALLMARK_KRAS_SIGNALING_UP",1,1,0,212,"","MM909_43"
"1081","HALLMARK_MITOTIC_SPINDLE",1,1,0,197,"","MM909_43"
"1082","HALLMARK_MTORC1_SIGNALING",1,1,0,199,"","MM909_43"
"1083","HALLMARK_MYC_TARGETS_V1",1,1,0,211,"","MM909_43"
"1084","HALLMARK_MYC_TARGETS_V2",1,1,0,58,"","MM909_43"
"1085","HALLMARK_MYOGENESIS",1,1,0,200,"","MM909_43"
"1086","HALLMARK_NOTCH_SIGNALING",1,1,0,32,"","MM909_43"
"1087","HALLMARK_OXIDATIVE_PHOSPHORYLATION",1,1,0,202,"","MM909_43"
"1088","HALLMARK_PANCREAS_BETA_CELLS",1,1,0,41,"","MM909_43"
"1089","HALLMARK_PEROXISOME",1,1,0,104,"","MM909_43"
"1090","HALLMARK_PI3K_AKT_MTOR_SIGNALING",1,1,0,110,"","MM909_43"
"1091","HALLMARK_PROTEIN_SECRETION",1,1,0,98,"","MM909_43"
"1092","HALLMARK_REACTIVE_OXYGEN_SPECIES_PATHWAY",1,1,0,51,"","MM909_43"
"1093","HALLMARK_SPERMATOGENESIS",1,1,0,139,"","MM909_43"
"1094","HALLMARK_TGF_BETA_SIGNALING",1,1,0,55,"","MM909_43"
"1095","HALLMARK_TNFA_SIGNALING_VIA_NFKB",1,1,0,218,"","MM909_43"
"1096","HALLMARK_UNFOLDED_PROTEIN_RESPONSE",1,1,0,113,"","MM909_43"
"1097","HALLMARK_UV_RESPONSE_DN",1,1,0,144,"","MM909_43"
"1098","HALLMARK_UV_RESPONSE_UP",1,1,0,183,"","MM909_43"
"1099","HALLMARK_WNT_BETA_CATENIN_SIGNALING",1,1,0,48,"","MM909_43"
"1100","HALLMARK_XENOBIOTIC_METABOLISM",1,1,0,215,"","MM909_43"
"1101","HALLMARK_HYPOXIA",0.0254230825144147,1,1,206,"ENSG00000049759","MM909_46"
"1102","HALLMARK_ADIPOGENESIS",1,1,0,201,"","MM909_46"
"1103","HALLMARK_ALLOGRAFT_REJECTION",1,1,0,294,"","MM909_46"
"1104","HALLMARK_ANDROGEN_RESPONSE",1,1,0,100,"","MM909_46"
"1105","HALLMARK_ANGIOGENESIS",1,1,0,36,"","MM909_46"
"1106","HALLMARK_APICAL_JUNCTION",1,1,0,220,"","MM909_46"
"1107","HALLMARK_APICAL_SURFACE",1,1,0,44,"","MM909_46"
"1108","HALLMARK_APOPTOSIS",1,1,0,180,"","MM909_46"
"1109","HALLMARK_BILE_ACID_METABOLISM",1,1,0,112,"","MM909_46"
"1110","HALLMARK_CHOLESTEROL_HOMEOSTASIS",1,1,0,74,"","MM909_46"
"1111","HALLMARK_COAGULATION",1,1,0,151,"","MM909_46"
"1112","HALLMARK_COMPLEMENT",1,1,0,230,"","MM909_46"
"1113","HALLMARK_DNA_REPAIR",1,1,0,161,"","MM909_46"
"1114","HALLMARK_E2F_TARGETS",1,1,0,213,"","MM909_46"
"1115","HALLMARK_EPITHELIAL_MESENCHYMAL_TRANSITION",1,1,0,199,"","MM909_46"
"1116","HALLMARK_ESTROGEN_RESPONSE_EARLY",1,1,0,207,"","MM909_46"
"1117","HALLMARK_ESTROGEN_RESPONSE_LATE",1,1,0,207,"","MM909_46"
"1118","HALLMARK_FATTY_ACID_METABOLISM",1,1,0,159,"","MM909_46"
"1119","HALLMARK_G2M_CHECKPOINT",1,1,0,199,"","MM909_46"
"1120","HALLMARK_GLYCOLYSIS",1,1,0,206,"","MM909_46"
"1121","HALLMARK_HEDGEHOG_SIGNALING",1,1,0,36,"","MM909_46"
"1122","HALLMARK_HEME_METABOLISM",1,1,0,207,"","MM909_46"
"1123","HALLMARK_IL2_STAT5_SIGNALING",1,1,0,211,"","MM909_46"
"1124","HALLMARK_IL6_JAK_STAT3_SIGNALING",1,1,0,102,"","MM909_46"
"1125","HALLMARK_INFLAMMATORY_RESPONSE",1,1,0,217,"","MM909_46"
"1126","HALLMARK_INTERFERON_ALPHA_RESPONSE",1,1,0,131,"","MM909_46"
"1127","HALLMARK_INTERFERON_GAMMA_RESPONSE",1,1,0,273,"","MM909_46"
"1128","HALLMARK_KRAS_SIGNALING_DN",1,1,0,208,"","MM909_46"
"1129","HALLMARK_KRAS_SIGNALING_UP",1,1,0,212,"","MM909_46"
"1130","HALLMARK_MITOTIC_SPINDLE",1,1,0,197,"","MM909_46"
"1131","HALLMARK_MTORC1_SIGNALING",1,1,0,199,"","MM909_46"
"1132","HALLMARK_MYC_TARGETS_V1",1,1,0,211,"","MM909_46"
"1133","HALLMARK_MYC_TARGETS_V2",1,1,0,58,"","MM909_46"
"1134","HALLMARK_MYOGENESIS",1,1,0,200,"","MM909_46"
"1135","HALLMARK_NOTCH_SIGNALING",1,1,0,32,"","MM909_46"
"1136","HALLMARK_OXIDATIVE_PHOSPHORYLATION",1,1,0,202,"","MM909_46"
"1137","HALLMARK_P53_PATHWAY",1,1,0,212,"","MM909_46"
"1138","HALLMARK_PANCREAS_BETA_CELLS",1,1,0,41,"","MM909_46"
"1139","HALLMARK_PEROXISOME",1,1,0,104,"","MM909_46"
"1140","HALLMARK_PI3K_AKT_MTOR_SIGNALING",1,1,0,110,"","MM909_46"
"1141","HALLMARK_PROTEIN_SECRETION",1,1,0,98,"","MM909_46"
"1142","HALLMARK_REACTIVE_OXYGEN_SPECIES_PATHWAY",1,1,0,51,"","MM909_46"
"1143","HALLMARK_SPERMATOGENESIS",1,1,0,139,"","MM909_46"
"1144","HALLMARK_TGF_BETA_SIGNALING",1,1,0,55,"","MM909_46"
"1145","HALLMARK_TNFA_SIGNALING_VIA_NFKB",1,1,0,218,"","MM909_46"
"1146","HALLMARK_UNFOLDED_PROTEIN_RESPONSE",1,1,0,113,"","MM909_46"
"1147","HALLMARK_UV_RESPONSE_DN",1,1,0,144,"","MM909_46"
"1148","HALLMARK_UV_RESPONSE_UP",1,1,0,183,"","MM909_46"
"1149","HALLMARK_WNT_BETA_CATENIN_SIGNALING",1,1,0,48,"","MM909_46"
"1150","HALLMARK_XENOBIOTIC_METABOLISM",1,1,0,215,"","MM909_46"
"1151","HALLMARK_ADIPOGENESIS",1,1,0,201,"","MM909_47"
"1152","HALLMARK_ALLOGRAFT_REJECTION",1,1,0,294,"","MM909_47"
"1153","HALLMARK_ANDROGEN_RESPONSE",1,1,0,100,"","MM909_47"
"1154","HALLMARK_ANGIOGENESIS",1,1,0,36,"","MM909_47"
"1155","HALLMARK_APICAL_JUNCTION",1,1,0,220,"","MM909_47"
"1156","HALLMARK_APICAL_SURFACE",1,1,0,44,"","MM909_47"
"1157","HALLMARK_APOPTOSIS",1,1,0,180,"","MM909_47"
"1158","HALLMARK_BILE_ACID_METABOLISM",1,1,0,112,"","MM909_47"
"1159","HALLMARK_CHOLESTEROL_HOMEOSTASIS",1,1,0,74,"","MM909_47"
"1160","HALLMARK_COAGULATION",1,1,0,151,"","MM909_47"
"1161","HALLMARK_COMPLEMENT",1,1,0,230,"","MM909_47"
"1162","HALLMARK_DNA_REPAIR",1,1,0,161,"","MM909_47"
"1163","HALLMARK_E2F_TARGETS",1,1,0,213,"","MM909_47"
"1164","HALLMARK_EPITHELIAL_MESENCHYMAL_TRANSITION",1,1,0,199,"","MM909_47"
"1165","HALLMARK_ESTROGEN_RESPONSE_EARLY",1,1,0,207,"","MM909_47"
"1166","HALLMARK_ESTROGEN_RESPONSE_LATE",1,1,0,207,"","MM909_47"
"1167","HALLMARK_FATTY_ACID_METABOLISM",1,1,0,159,"","MM909_47"
"1168","HALLMARK_G2M_CHECKPOINT",1,1,0,199,"","MM909_47"
"1169","HALLMARK_GLYCOLYSIS",1,1,0,206,"","MM909_47"
"1170","HALLMARK_HEDGEHOG_SIGNALING",1,1,0,36,"","MM909_47"
"1171","HALLMARK_HEME_METABOLISM",1,1,0,207,"","MM909_47"
"1172","HALLMARK_HYPOXIA",1,1,0,206,"","MM909_47"
"1173","HALLMARK_IL2_STAT5_SIGNALING",1,1,0,211,"","MM909_47"
"1174","HALLMARK_IL6_JAK_STAT3_SIGNALING",1,1,0,102,"","MM909_47"
"1175","HALLMARK_INFLAMMATORY_RESPONSE",1,1,0,217,"","MM909_47"
"1176","HALLMARK_INTERFERON_ALPHA_RESPONSE",1,1,0,131,"","MM909_47"
"1177","HALLMARK_INTERFERON_GAMMA_RESPONSE",1,1,0,273,"","MM909_47"
"1178","HALLMARK_KRAS_SIGNALING_DN",1,1,0,208,"","MM909_47"
"1179","HALLMARK_KRAS_SIGNALING_UP",1,1,0,212,"","MM909_47"
"1180","HALLMARK_MITOTIC_SPINDLE",1,1,0,197,"","MM909_47"
"1181","HALLMARK_MTORC1_SIGNALING",1,1,0,199,"","MM909_47"
"1182","HALLMARK_MYC_TARGETS_V1",1,1,0,211,"","MM909_47"
"1183","HALLMARK_MYC_TARGETS_V2",1,1,0,58,"","MM909_47"
"1184","HALLMARK_MYOGENESIS",1,1,0,200,"","MM909_47"
"1185","HALLMARK_NOTCH_SIGNALING",1,1,0,32,"","MM909_47"
"1186","HALLMARK_OXIDATIVE_PHOSPHORYLATION",1,1,0,202,"","MM909_47"
"1187","HALLMARK_P53_PATHWAY",1,1,0,212,"","MM909_47"
"1188","HALLMARK_PANCREAS_BETA_CELLS",1,1,0,41,"","MM909_47"
"1189","HALLMARK_PEROXISOME",1,1,0,104,"","MM909_47"
"1190","HALLMARK_PI3K_AKT_MTOR_SIGNALING",1,1,0,110,"","MM909_47"
"1191","HALLMARK_PROTEIN_SECRETION",1,1,0,98,"","MM909_47"
"1192","HALLMARK_REACTIVE_OXYGEN_SPECIES_PATHWAY",1,1,0,51,"","MM909_47"
"1193","HALLMARK_SPERMATOGENESIS",1,1,0,139,"","MM909_47"
"1194","HALLMARK_TGF_BETA_SIGNALING",1,1,0,55,"","MM909_47"
"1195","HALLMARK_TNFA_SIGNALING_VIA_NFKB",1,1,0,218,"","MM909_47"
"1196","HALLMARK_UNFOLDED_PROTEIN_RESPONSE",1,1,0,113,"","MM909_47"
"1197","HALLMARK_UV_RESPONSE_DN",1,1,0,144,"","MM909_47"
"1198","HALLMARK_UV_RESPONSE_UP",1,1,0,183,"","MM909_47"
"1199","HALLMARK_WNT_BETA_CATENIN_SIGNALING",1,1,0,48,"","MM909_47"
"1200","HALLMARK_XENOBIOTIC_METABOLISM",1,1,0,215,"","MM909_47"
